Distance_km,Package_Weight_kg,Traffic_Index,Weather_Delay,Vehicle_Type,Priority,Warehouse_Load,Day_of_Week,Driver_Experience_Years,Delivery_Time_Hours
388.11,1.64,0.801,0,Truck,Standard,0.355,Mon,3.22,10.44
222.24,15.28,0.884,0,Van,Express,0.309,Wed,2.45,6.15
430.01,2.72,0.356,0,Van,Standard,0.814,Thu,11.29,9.99
350.2,1.39,0.593,0,Van,Standard,0.504,Mon,7.3,8.33
51.62,3.42,0.314,0,Bike,Standard,0.352,Tue,1.17,2.4
487.93,3.51,0.101,0,Truck,Standard,0.83,Fri,14.77,12.05
381.76,2.01,0.751,0,Bike,Standard,0.117,Tue,10.23,10.57
394.1,4.83,0.212,0,Bike,Standard,0.257,Fri,12.74,10.8
68.42,1.16,0.454,0,Van,Standard,0.844,Thu,6.85,2.32
227.94,1.95,0.513,0,Bike,Standard,0.596,Wed,14.35,6.7
188.55,3.7,0.225,1,Bike,Express,0.796,Mon,3.39,6.03
463.75,2.93,0.14,0,Truck,Express,0.854,Wed,3.18,11.56
323.71,5.67,0.381,0,Van,Express,0.948,Thu,13.41,7.21
412.27,9.68,0.955,0,Bike,Standard,0.157,Fri,13.43,12.05
224.49,3.08,0.634,0,Van,Standard,0.819,Tue,7.74,5.86
117.48,11.9,0.412,1,Van,Standard,0.738,Mon,2.32,4.79
279.52,1.28,0.087,0,Bike,Standard,0.286,Sun,4.93,7.97
36.59,9.44,0.62,0,Bike,Standard,0.939,Sun,11.44,2.4
414.68,1.16,0.138,0,Van,Express,0.464,Sun,12.77,8.49
317.67,5.0,0.565,0,Van,Standard,0.899,Wed,5.54,8.03
380.25,2.22,0.764,0,Truck,Standard,0.645,Fri,1.39,10.55
180.49,2.11,0.452,0,Van,Express,0.574,Mon,10.15,4.32
485.5,14.08,0.334,0,Bike,Standard,0.244,Sun,11.22,13.35
447.09,6.72,0.095,0,Van,Standard,0.923,Mon,6.65,10.23
390.3,3.25,0.074,1,Van,Express,0.601,Thu,8.95,9.27
101.35,0.2,0.459,0,Bike,Standard,0.105,Sat,14.82,2.94
236.03,0.65,0.889,0,Van,Standard,0.116,Sat,4.05,6.36
26.68,1.33,0.282,0,Bike,Standard,0.8,Sun,8.81,1.36
81.37,3.61,0.595,0,Truck,Express,0.246,Thu,9.36,2.32
343.11,4.97,0.7,1,Truck,Standard,0.639,Mon,8.46,10.4
373.66,1.77,0.108,0,Van,Standard,0.713,Mon,13.1,8.08
483.92,6.1,0.195,0,Truck,Standard,0.351,Tue,9.27,11.68
166.28,5.48,0.365,1,Truck,Standard,0.612,Mon,7.86,5.6
188.38,2.42,0.687,0,Bike,Express,0.316,Thu,2.28,6.12
237.43,1.34,0.467,0,Van,Standard,0.952,Mon,10.7,5.97
98.79,0.32,0.747,0,Van,Standard,0.874,Tue,2.42,3.64
69.31,4.7,0.874,0,Bike,Standard,0.359,Wed,0.89,2.95
240.47,3.81,0.77,0,Van,Standard,0.576,Sat,7.58,6.39
117.32,5.69,0.993,0,Bike,Standard,0.551,Fri,8.8,4.79
336.56,8.42,0.767,1,Truck,Standard,0.964,Mon,14.99,9.87
221.39,10.48,0.86,0,Van,Standard,0.455,Sun,10.83,6.03
417.18,7.38,0.841,0,Van,Standard,0.606,Thu,12.8,10.09
351.63,2.72,0.744,0,Van,Express,0.936,Wed,5.52,8.48
159.62,3.28,0.812,0,Bike,Express,0.247,Wed,7.88,5.19
416.97,7.05,0.938,1,Truck,Standard,0.595,Sat,14.63,12.26
403.36,1.95,0.501,0,Bike,Standard,0.195,Thu,6.55,11.23
196.8,2.08,0.656,0,Bike,Standard,0.656,Tue,12.21,6.07
147.72,6.27,0.539,0,Van,Standard,0.429,Wed,8.13,3.94
342.84,10.79,0.858,0,Van,Standard,0.971,Mon,3.75,9.23
74.18,7.18,0.46,1,Van,Express,0.474,Tue,8.92,2.36
103.95,6.36,0.829,0,Bike,Standard,0.223,Wed,3.66,4.13
8.64,3.6,0.809,0,Van,Standard,0.851,Tue,0.54,1.79
394.53,1.88,0.964,0,Bike,Express,0.839,Wed,3.92,12.12
334.1,5.81,0.286,0,Bike,Standard,0.725,Mon,3.3,9.63
354.06,9.7,0.724,0,Van,Standard,0.774,Fri,5.88,8.77
391.46,2.8,0.769,0,Bike,Standard,0.338,Mon,13.38,11.55
232.16,2.28,0.939,0,Bike,Standard,0.678,Tue,6.12,7.54
286.53,2.32,0.912,0,Van,Express,0.134,Sun,12.76,6.95
74.2,4.82,0.595,0,Van,Standard,0.277,Mon,8.56,2.68
61.69,8.04,0.6,0,Bike,Standard,0.939,Tue,0.61,3.29
335.86,0.49,0.209,0,Van,Standard,0.765,Thu,3.24,7.59
238.19,3.9,0.976,0,Bike,Express,0.308,Wed,14.0,7.16
284.79,1.16,0.292,0,Truck,Standard,0.2,Wed,9.26,7.01
383.67,12.32,0.738,0,Bike,Standard,0.954,Mon,13.98,11.61
319.19,4.22,0.806,0,Bike,Standard,0.201,Wed,5.0,9.61
279.02,2.76,0.469,0,Van,Express,0.331,Sat,10.89,6.0
281.81,4.48,0.251,1,Bike,Standard,0.264,Fri,11.69,8.86
155.46,0.87,0.23,0,Bike,Standard,0.107,Sun,14.65,4.05
20.25,1.38,0.864,0,Bike,Express,0.383,Fri,0.76,1.76
221.18,3.88,0.535,1,Van,Standard,0.977,Sat,14.31,7.29
111.22,6.2,0.136,0,Van,Standard,0.408,Thu,6.18,2.69
207.22,0.23,0.731,0,Van,Standard,0.554,Fri,12.65,5.19
427.43,8.22,0.288,0,Van,Standard,0.771,Fri,8.4,9.59
120.8,2.86,0.883,0,Van,Standard,0.596,Sat,8.69,4.1
33.86,6.39,0.344,0,Truck,Standard,0.769,Thu,5.71,1.77
144.29,4.95,0.24,0,Van,Standard,0.695,Wed,12.51,3.49
150.33,11.33,0.131,0,Truck,Standard,0.648,Mon,4.33,4.35
332.65,4.86,0.536,0,Van,Standard,0.685,Sun,7.64,7.84
280.73,8.02,0.478,0,Van,Express,0.819,Thu,8.62,6.8
393.03,2.4,0.764,1,Bike,Standard,0.739,Sat,11.27,12.63
333.84,0.88,0.491,0,Van,Standard,0.813,Fri,7.34,8.09
206.16,7.05,0.377,0,Bike,Standard,0.231,Mon,10.36,5.93
407.94,0.86,0.299,1,Van,Standard,0.71,Fri,7.54,9.75
87.65,6.15,0.314,0,Bike,Standard,0.763,Thu,10.06,2.89
16.24,1.5,0.931,0,Bike,Standard,0.37,Tue,10.28,1.9
49.57,4.52,0.207,0,Truck,Standard,0.887,Tue,10.79,2.09
362.57,11.47,0.989,0,Van,Standard,0.374,Fri,12.44,9.02
233.63,5.84,0.361,0,Van,Express,0.319,Mon,8.34,5.49
84.83,3.18,0.134,0,Van,Express,0.88,Fri,3.3,2.47
253.02,5.03,0.286,0,Van,Express,0.322,Sat,10.35,5.68
80.39,2.47,0.105,0,Truck,Standard,0.474,Mon,1.62,2.6
349.68,14.27,0.801,0,Van,Standard,0.431,Mon,3.67,8.76
225.85,2.07,0.537,0,Van,Standard,0.908,Mon,11.99,5.6
193.61,3.44,0.37,0,Van,Express,0.51,Sat,6.81,4.55
154.25,5.49,0.679,0,Van,Express,0.725,Sat,7.72,4.45
316.99,4.78,0.649,0,Van,Express,0.815,Sun,14.82,7.43
184.1,5.16,0.943,0,Truck,Standard,0.665,Mon,3.91,6.25
48.39,2.51,0.963,0,Van,Express,0.949,Thu,0.78,2.67
63.41,3.08,0.697,0,Van,Standard,0.822,Mon,2.11,2.95
481.14,6.84,0.827,1,Van,Express,0.46,Wed,4.05,12.63
454.75,6.62,0.803,0,Van,Standard,0.956,Wed,11.03,10.84
351.36,4.86,0.517,0,Truck,Standard,0.572,Fri,11.75,9.18
136.61,8.67,0.719,0,Van,Standard,0.12,Sun,8.7,3.96
484.74,7.02,0.124,0,Van,Express,0.334,Sat,4.2,10.22
390.48,6.49,0.77,0,Van,Standard,0.66,Mon,8.07,9.33
359.86,0.84,0.964,1,Van,Standard,0.241,Tue,0.72,9.98
227.43,4.82,0.131,1,Bike,Standard,0.626,Tue,10.39,7.83
139.76,4.24,0.844,0,Van,Standard,0.425,Tue,9.41,4.07
52.71,9.38,0.936,0,Truck,Express,0.581,Wed,0.82,3.0
451.79,3.3,0.265,0,Van,Standard,0.102,Fri,12.35,9.68
230.61,4.0,0.549,0,Bike,Standard,0.864,Sat,11.57,7.05
105.17,1.48,0.931,0,Van,Express,0.426,Sun,4.97,3.53
156.45,1.75,0.962,0,Van,Standard,0.226,Fri,9.71,4.5
291.71,9.4,0.171,0,Bike,Standard,0.494,Wed,9.22,8.21
92.5,5.14,0.382,1,Van,Standard,0.538,Tue,2.58,3.05
429.02,11.48,0.713,0,Van,Standard,0.674,Wed,3.3,10.44
380.47,3.26,0.26,0,Truck,Standard,0.572,Sat,10.41,9.82
361.13,1.05,0.359,1,Bike,Standard,0.139,Sun,14.04,10.41
218.89,2.92,0.072,0,Bike,Standard,0.884,Wed,8.86,6.68
315.52,2.54,0.196,0,Van,Standard,0.511,Tue,8.73,7.21
294.13,5.97,0.584,0,Bike,Express,0.169,Mon,9.88,8.25
326.67,5.81,0.67,0,Van,Express,0.796,Mon,6.89,7.84
46.8,5.32,0.666,0,Van,Standard,0.694,Fri,1.29,2.29
210.82,13.74,0.789,0,Bike,Standard,0.684,Fri,6.25,6.88
25.6,8.35,0.445,0,Van,Express,0.484,Fri,13.55,1.0
249.53,1.86,0.31,0,Truck,Express,0.469,Mon,12.17,6.27
168.28,7.17,0.065,0,Van,Standard,0.583,Thu,13.95,4.26
76.54,3.81,0.246,0,Van,Standard,0.146,Tue,2.72,2.18
56.18,3.19,0.347,0,Van,Standard,0.369,Wed,7.84,1.61
295.88,9.02,0.219,0,Bike,Standard,0.989,Fri,8.98,8.51
89.44,1.76,0.069,0,Bike,Standard,0.696,Tue,3.54,3.02
462.93,6.86,0.2,0,Van,Standard,0.477,Fri,3.41,10.5
292.63,6.16,0.683,0,Van,Express,0.3,Wed,11.84,6.76
176.7,1.73,0.648,0,Bike,Standard,0.771,Thu,10.24,5.9
297.5,0.81,0.939,0,Bike,Standard,0.334,Thu,9.88,9.13
16.29,3.51,0.808,0,Truck,Standard,0.246,Wed,4.37,1.73
479.49,7.71,0.589,0,Bike,Express,0.239,Mon,7.85,12.98
243.74,4.81,0.181,0,Van,Standard,0.756,Fri,0.83,6.3
392.45,9.21,0.586,0,Van,Standard,0.679,Sun,2.38,9.29
45.95,4.58,0.109,0,Van,Standard,0.163,Fri,8.01,1.39
245.9,9.6,0.459,0,Bike,Standard,0.204,Sat,4.99,7.19
247.9,2.34,0.421,0,Bike,Express,0.67,Sat,14.5,7.0
469.22,5.31,0.456,0,Van,Standard,0.614,Mon,7.34,10.66
288.01,2.75,0.316,0,Van,Express,0.717,Sat,1.71,6.8
239.38,3.43,0.702,0,Bike,Standard,0.26,Tue,0.76,7.52
137.15,3.99,0.849,0,Van,Standard,0.754,Fri,11.02,4.53
169.13,4.8,0.78,1,Van,Standard,0.942,Sun,2.99,6.67
262.73,2.08,0.646,0,Bike,Standard,0.641,Sun,3.22,8.22
222.26,5.14,0.561,1,Van,Standard,0.277,Wed,6.65,6.67
15.7,3.84,0.08,0,Bike,Standard,0.712,Sat,4.33,1.16
414.01,1.11,0.737,0,Van,Standard,0.409,Fri,9.44,9.87
448.6,0.69,0.568,0,Bike,Standard,0.144,Mon,7.54,12.54
74.42,7.73,0.307,0,Van,Express,0.372,Tue,2.12,2.02
279.25,3.31,0.361,0,Van,Standard,0.915,Sun,11.88,6.74
58.74,1.0,0.939,0,Van,Standard,0.47,Sun,6.67,2.82
337.76,10.6,0.643,0,Van,Express,0.878,Sun,9.36,8.21
144.21,5.49,0.502,0,Truck,Express,0.558,Wed,0.56,4.42
331.41,4.71,0.64,1,Van,Standard,0.565,Wed,9.58,9.03
364.86,1.93,0.443,0,Truck,Standard,0.105,Sat,4.6,9.25
385.48,1.1,0.497,0,Bike,Standard,0.673,Mon,7.67,10.56
58.33,4.24,0.326,0,Van,Standard,0.197,Sun,4.82,2.06
458.43,3.67,0.468,0,Bike,Standard,0.531,Fri,14.95,12.68
118.96,1.5,0.701,1,Van,Standard,0.334,Fri,3.85,4.59
23.52,1.46,0.088,0,Van,Standard,0.453,Thu,13.74,0.57
279.65,1.39,0.805,1,Truck,Standard,0.583,Sun,13.81,9.08
188.61,1.35,0.319,0,Van,Express,0.113,Sat,6.6,4.02
415.75,2.27,0.698,0,Van,Express,0.356,Mon,4.91,9.41
405.08,4.71,0.661,0,Bike,Express,0.991,Thu,6.03,11.81
161.98,5.27,0.67,0,Bike,Standard,0.152,Sun,14.85,5.05
476.69,3.62,0.628,0,Van,Standard,0.387,Mon,9.47,11.2
149.0,4.11,0.961,0,Bike,Standard,0.389,Sat,8.4,5.57
259.95,5.44,0.533,1,Bike,Standard,0.441,Tue,1.02,8.68
131.7,0.5,0.746,0,Truck,Standard,0.716,Thu,12.79,4.25
468.34,4.34,0.72,0,Truck,Standard,0.323,Sun,1.72,12.37
86.48,8.59,0.274,0,Van,Standard,0.514,Thu,1.18,2.76
27.23,3.24,0.319,1,Van,Standard,0.68,Mon,4.49,2.55
220.37,7.53,0.453,0,Truck,Standard,0.39,Mon,7.4,5.97
496.23,3.29,0.314,0,Bike,Standard,0.954,Sat,13.48,14.05
446.38,5.69,0.398,0,Van,Standard,0.982,Sun,11.96,10.51
375.56,4.64,0.421,0,Van,Standard,0.208,Wed,3.37,8.53
445.94,1.37,0.624,0,Truck,Express,0.409,Sun,5.9,11.17
447.26,1.68,0.259,0,Truck,Standard,0.287,Thu,11.81,10.93
261.83,9.6,0.814,0,Van,Standard,0.268,Mon,8.14,6.43
161.38,6.53,0.466,0,Bike,Express,0.542,Thu,3.03,5.07
387.15,3.45,0.721,0,Van,Standard,0.607,Sun,6.24,9.39
332.52,3.12,0.127,0,Bike,Standard,0.483,Tue,9.58,9.16
189.96,1.94,0.496,0,Truck,Standard,0.345,Sun,14.61,5.12
51.76,4.92,0.077,0,Bike,Standard,0.351,Fri,10.1,1.79
374.66,2.08,0.692,0,Bike,Standard,0.993,Wed,0.73,11.52
134.92,2.82,0.377,0,Van,Express,0.931,Fri,10.72,3.33
468.72,2.27,0.952,1,Van,Express,0.168,Wed,4.14,12.04
124.28,6.26,0.358,0,Truck,Standard,0.691,Mon,13.0,3.78
65.77,3.35,0.586,0,Bike,Standard,0.511,Sun,6.07,3.03
416.4,4.13,0.295,0,Truck,Standard,0.72,Wed,3.39,10.78
80.88,1.39,0.639,0,Bike,Express,0.637,Thu,7.29,3.14
93.74,2.25,0.494,0,Bike,Standard,0.9,Sat,4.2,3.83
301.69,4.19,0.402,0,Van,Standard,0.16,Mon,3.92,6.87
437.91,0.86,0.244,0,Bike,Express,0.415,Sat,8.81,12.01
102.24,3.16,0.156,0,Van,Standard,0.987,Wed,11.63,3.13
158.61,3.7,0.164,0,Bike,Standard,0.264,Thu,12.61,4.68
389.82,1.24,0.999,1,Bike,Standard,0.215,Thu,6.27,12.21
486.05,7.31,0.442,0,Van,Standard,0.756,Sat,1.47,11.74
252.87,4.76,0.052,0,Bike,Standard,0.8,Tue,7.52,7.26
76.23,3.33,0.955,0,Van,Standard,0.705,Mon,6.79,3.71
11.9,2.12,0.069,0,Van,Standard,0.799,Wed,3.36,1.17
118.68,0.82,0.448,0,Bike,Express,0.724,Mon,13.49,3.94
70.25,6.95,0.732,0,Van,Standard,0.222,Tue,14.63,2.27
340.44,2.62,0.919,0,Bike,Express,0.647,Fri,1.25,10.67
65.31,1.05,0.727,0,Van,Standard,0.799,Sat,12.04,2.86
255.63,2.07,0.49,0,Bike,Express,0.879,Fri,9.86,7.37
348.66,5.11,0.976,1,Truck,Standard,0.322,Wed,4.29,11.11
292.65,4.42,0.087,0,Van,Express,0.215,Sat,9.71,5.78
103.89,1.51,0.988,0,Van,Standard,0.803,Wed,2.37,4.08
403.04,7.76,0.857,0,Truck,Standard,0.331,Tue,1.51,10.94
359.13,1.04,0.932,1,Van,Standard,0.129,Sat,14.91,9.49
370.8,8.81,0.292,0,Truck,Standard,0.843,Thu,9.73,10.27
69.87,4.29,0.185,0,Van,Express,0.555,Wed,4.17,2.27
66.26,2.78,0.68,0,Truck,Express,0.394,Fri,7.03,2.15
464.14,3.09,0.54,0,Truck,Express,0.11,Sat,14.28,11.42
201.8,3.95,0.547,0,Truck,Standard,0.132,Tue,6.86,5.64
153.97,5.38,0.928,1,Bike,Express,0.813,Mon,13.56,6.12
246.85,0.68,0.639,0,Van,Standard,0.541,Thu,13.1,6.07
333.12,2.02,0.346,0,Truck,Standard,0.235,Mon,5.49,8.52
478.03,3.86,0.43,0,Van,Standard,0.423,Fri,10.59,10.38
146.79,7.95,0.177,0,Bike,Standard,0.249,Thu,10.08,4.06
462.78,7.76,0.233,1,Truck,Standard,0.202,Tue,11.68,12.61
17.31,9.98,0.186,0,Bike,Standard,0.349,Fri,5.81,1.07
279.82,7.52,0.82,0,Van,Standard,0.595,Wed,1.26,7.32
318.82,1.89,0.72,0,Van,Standard,0.289,Wed,2.98,7.61
57.42,3.69,0.554,0,Bike,Standard,0.409,Tue,9.44,2.32
74.47,7.55,0.406,0,Van,Standard,0.53,Fri,11.74,2.45
212.46,7.08,0.685,0,Bike,Standard,0.478,Sun,11.46,6.63
483.28,3.2,0.822,0,Van,Express,0.216,Fri,8.96,11.26
300.04,5.28,0.887,0,Truck,Express,0.135,Tue,1.73,8.18
466.85,2.61,0.57,0,Van,Standard,0.132,Sat,0.75,10.61
403.16,0.96,0.829,0,Van,Standard,0.415,Mon,11.84,9.48
236.35,3.42,0.536,0,Bike,Standard,0.747,Wed,8.47,7.38
393.46,3.27,0.501,0,Truck,Standard,0.218,Mon,11.85,9.78
13.83,2.51,0.872,0,Truck,Standard,0.808,Sat,2.86,2.42
59.03,5.4,0.417,1,Bike,Standard,0.744,Mon,6.41,3.0
415.57,3.12,0.426,0,Van,Standard,0.104,Thu,13.83,9.31
399.42,4.9,0.34,1,Van,Standard,0.124,Tue,2.99,10.17
120.16,6.19,0.543,0,Van,Express,0.276,Tue,1.39,3.36
267.73,14.79,0.568,0,Van,Standard,0.151,Fri,9.98,6.63
304.98,3.46,0.677,0,Van,Standard,0.578,Sat,9.12,7.62
434.53,8.03,0.459,0,Van,Standard,0.136,Mon,14.3,9.38
303.54,4.38,0.257,0,Bike,Standard,0.822,Tue,13.64,8.8
209.22,4.56,0.873,0,Van,Standard,0.544,Wed,11.37,6.07
190.22,3.49,0.379,0,Truck,Standard,0.755,Sun,0.78,5.45
215.81,4.11,0.927,0,Bike,Standard,0.776,Mon,7.47,7.79
327.71,3.15,0.247,0,Van,Standard,0.556,Tue,13.49,7.39
434.41,7.14,0.582,0,Bike,Standard,0.933,Wed,6.79,12.7
229.68,2.08,0.56,0,Truck,Express,0.991,Wed,14.45,6.2
127.68,0.95,0.837,0,Van,Express,0.423,Mon,9.96,3.63
122.15,2.45,0.182,1,Van,Standard,0.213,Thu,2.09,3.78
374.28,2.24,0.914,1,Bike,Standard,0.427,Fri,7.88,11.78
409.2,2.45,0.555,0,Van,Standard,0.301,Tue,10.59,9.18
57.11,3.36,0.607,0,Truck,Standard,0.578,Fri,1.45,2.37
37.95,2.45,0.535,0,Van,Standard,0.441,Mon,5.5,1.83
299.24,3.32,0.084,0,Van,Standard,0.532,Sat,10.9,6.63
77.36,2.46,0.522,1,Van,Standard,0.787,Tue,2.78,3.93
413.21,4.97,0.3,0,Van,Express,0.347,Tue,5.55,8.97
158.62,14.71,0.376,0,Van,Standard,0.584,Tue,10.5,4.25
76.22,4.32,0.667,0,Van,Express,0.402,Sun,11.75,2.33
460.88,2.54,0.523,0,Bike,Standard,0.806,Thu,8.02,13.08
86.94,0.3,0.139,0,Van,Standard,0.676,Fri,14.37,2.27
145.94,11.72,0.119,0,Truck,Express,0.108,Tue,13.92,3.48
81.04,4.49,0.226,0,Truck,Standard,0.694,Mon,7.36,2.47
62.17,3.3,0.231,0,Truck,Standard,0.253,Mon,2.82,1.97
15.47,0.33,0.628,1,Van,Express,0.752,Thu,11.71,1.97
32.42,3.43,0.219,0,Bike,Standard,0.611,Wed,4.03,1.71
91.45,4.09,0.888,0,Van,Standard,0.461,Sat,12.72,3.17
31.42,2.47,0.249,1,Truck,Standard,0.725,Sat,9.01,2.28
297.62,1.14,0.137,0,Van,Standard,0.871,Wed,6.21,6.81
341.95,1.07,0.882,1,Van,Standard,0.801,Thu,8.57,9.25
199.85,11.84,0.331,0,Van,Standard,0.591,Wed,8.23,4.97
162.41,4.01,0.454,0,Van,Express,0.75,Fri,13.91,4.29
254.74,2.47,0.961,0,Truck,Standard,0.473,Fri,3.61,7.75
438.13,3.84,0.947,0,Van,Standard,0.81,Fri,13.96,10.7
426.31,3.65,0.729,0,Van,Standard,0.846,Mon,0.95,10.75
26.52,1.02,0.115,0,Bike,Standard,0.224,Wed,11.65,0.83
94.84,6.83,0.614,0,Van,Express,0.314,Sun,13.84,2.95
122.19,3.24,0.99,0,Van,Standard,0.343,Wed,6.21,4.02
128.45,4.05,0.95,0,Truck,Standard,0.249,Tue,1.56,4.42
287.76,9.4,0.151,0,Van,Express,0.453,Tue,12.17,6.25
211.05,1.17,0.426,0,Van,Express,0.274,Mon,12.72,4.61
29.38,1.99,0.35,1,Van,Express,0.636,Sat,5.38,1.92
189.94,4.66,0.173,1,Van,Standard,0.191,Mon,8.02,5.65
264.26,6.74,0.71,0,Van,Standard,0.343,Fri,12.24,6.54
55.33,2.28,0.31,0,Bike,Standard,0.699,Wed,3.28,2.43
417.56,2.39,0.378,0,Truck,Standard,0.459,Mon,9.62,10.49
30.72,5.73,0.136,0,Van,Express,0.479,Sun,6.74,0.91
462.8,13.99,0.523,0,Van,Standard,0.818,Sat,3.03,11.21
54.06,3.93,0.2,0,Bike,Standard,0.986,Sat,12.56,1.92
422.57,1.99,0.46,0,Van,Express,0.609,Sun,5.21,9.33
451.81,1.53,0.186,0,Van,Express,0.171,Sun,14.05,9.31
489.89,3.35,0.956,0,Truck,Standard,0.193,Fri,8.75,13.24
402.0,6.54,0.188,0,Bike,Express,0.972,Thu,7.96,11.24
390.84,17.88,0.546,0,Truck,Standard,0.711,Fri,6.64,10.69
323.03,2.95,0.237,0,Van,Standard,0.777,Thu,6.31,7.56
390.6,3.93,0.123,0,Bike,Standard,0.708,Tue,12.36,11.07
71.6,10.61,0.242,0,Bike,Express,0.262,Wed,10.32,1.88
270.35,4.6,0.102,0,Bike,Express,0.504,Thu,11.72,7.47
259.54,4.34,0.182,0,Truck,Standard,0.818,Mon,6.61,6.97
429.5,9.32,0.519,0,Bike,Standard,0.88,Sat,4.29,12.79
234.09,4.0,0.669,0,Van,Standard,0.314,Sun,1.76,5.84
195.62,1.64,0.133,0,Van,Standard,0.636,Wed,11.76,4.57
321.58,8.13,0.469,0,Truck,Express,0.241,Thu,6.52,8.18
136.9,0.85,0.602,0,Van,Standard,0.962,Sat,7.88,3.94
74.19,7.25,0.273,0,Van,Express,0.327,Thu,7.31,1.69
241.55,3.71,0.403,0,Bike,Standard,0.754,Fri,6.75,7.21
211.36,2.97,0.118,1,Truck,Standard,0.308,Thu,10.42,5.77
120.12,2.91,0.259,0,Bike,Standard,0.654,Tue,9.33,3.7
186.92,3.34,0.493,0,Bike,Express,0.693,Sat,14.59,5.47
186.36,2.65,0.991,1,Truck,Standard,0.396,Tue,2.51,6.96
167.11,5.08,0.996,0,Bike,Standard,0.837,Tue,8.82,6.22
192.83,2.72,0.981,0,Bike,Standard,0.897,Fri,1.42,7.3
344.44,3.73,0.452,0,Van,Express,0.87,Fri,12.21,8.06
151.95,0.52,0.127,0,Van,Express,0.398,Sun,9.44,3.31
474.68,3.71,0.357,0,Bike,Express,0.77,Fri,6.71,13.26
458.59,2.61,0.276,1,Van,Standard,0.604,Mon,12.13,11.05
243.05,6.91,0.063,1,Van,Express,0.633,Sat,7.1,6.94
167.54,3.07,0.14,0,Van,Standard,0.53,Wed,3.8,4.51
270.04,6.25,0.481,0,Bike,Standard,0.64,Mon,7.35,8.12
425.04,5.79,0.373,0,Van,Standard,0.222,Fri,1.53,10.04
328.03,5.89,0.221,0,Truck,Standard,0.468,Tue,13.52,8.14
403.17,3.15,0.73,0,Bike,Express,0.26,Wed,11.1,11.11
268.7,3.89,0.389,0,Bike,Express,0.352,Thu,11.52,7.29
318.29,4.98,0.859,0,Bike,Standard,0.215,Mon,13.18,9.42
147.64,3.98,0.279,0,Van,Standard,0.291,Sat,11.98,3.88
368.77,3.07,0.561,0,Bike,Express,0.804,Thu,6.76,10.62
105.19,1.77,0.225,0,Van,Express,0.595,Sun,2.22,2.6
348.93,3.76,0.521,0,Truck,Express,0.121,Thu,5.91,8.61
431.06,0.95,0.195,1,Bike,Standard,0.81,Fri,14.04,13.06
70.39,0.47,0.203,0,Van,Standard,0.919,Sat,14.26,2.3
309.12,1.44,0.632,0,Bike,Express,0.892,Tue,11.63,9.02
52.07,5.85,0.301,0,Bike,Express,0.841,Sun,3.46,1.86
364.23,4.4,0.214,0,Van,Standard,0.993,Tue,3.32,8.44
46.82,5.89,0.933,1,Van,Standard,0.628,Sun,13.26,4.14
468.29,2.14,0.091,1,Truck,Standard,0.966,Fri,2.56,13.61
73.02,7.37,0.587,0,Van,Standard,0.954,Thu,8.97,2.85
479.65,1.07,0.571,0,Bike,Express,0.382,Tue,5.98,13.63
401.44,1.48,0.288,0,Van,Standard,0.877,Thu,4.88,9.66
298.87,7.29,0.48,0,Bike,Standard,0.813,Thu,10.32,8.91
392.4,4.18,0.133,0,Truck,Standard,0.798,Sun,14.41,9.92
398.58,5.91,0.735,0,Van,Express,0.907,Sat,11.78,9.4
473.28,4.41,0.261,0,Van,Standard,0.446,Thu,7.55,10.41
130.42,2.4,0.234,0,Van,Standard,0.46,Wed,6.89,3.02
297.09,1.33,0.349,0,Van,Standard,0.676,Wed,13.66,6.56
52.05,0.63,0.907,0,Van,Standard,0.764,Wed,8.88,2.37
310.0,11.18,0.807,0,Bike,Standard,0.892,Mon,7.7,10.05
89.79,0.82,0.95,0,Bike,Standard,0.888,Mon,10.4,3.81
284.65,9.12,0.669,0,Bike,Express,0.749,Sat,3.94,9.08
288.35,4.02,0.68,0,Van,Express,0.961,Tue,1.42,7.26
235.66,4.51,0.506,0,Van,Standard,0.261,Wed,12.9,5.81
263.7,4.31,0.91,0,Bike,Express,0.955,Fri,9.31,8.45
383.14,5.42,0.535,0,Van,Standard,0.158,Fri,2.89,8.51
400.63,1.98,0.387,1,Van,Standard,0.6,Wed,4.82,10.04
248.62,0.4,0.658,0,Bike,Express,0.181,Sat,14.85,7.22
301.8,2.36,0.569,0,Truck,Standard,0.611,Tue,9.7,7.98
465.96,5.11,0.168,0,Van,Standard,0.451,Thu,9.72,10.14
64.27,1.5,0.423,0,Van,Standard,0.173,Mon,1.55,1.84
62.97,7.49,0.348,0,Van,Standard,0.683,Thu,14.55,2.0
48.42,3.39,0.854,0,Van,Express,0.758,Mon,13.45,2.25
330.64,1.37,0.41,0,Truck,Standard,0.257,Sun,8.44,8.35
212.21,4.15,0.83,0,Van,Standard,0.725,Fri,4.99,5.67
388.29,5.05,0.47,0,Van,Standard,0.261,Tue,10.62,8.59
337.26,5.31,0.766,0,Truck,Express,0.224,Fri,12.58,8.9
170.15,7.29,0.179,0,Truck,Standard,0.233,Wed,11.9,4.34
449.69,0.99,0.928,0,Truck,Standard,0.639,Thu,14.67,12.05
382.45,7.3,0.507,0,Bike,Standard,0.801,Tue,9.73,10.98
138.91,7.75,0.297,0,Bike,Standard,0.637,Thu,5.16,4.42
185.28,1.33,0.279,0,Van,Standard,0.828,Mon,7.72,4.94
160.65,1.59,0.302,0,Van,Standard,0.632,Tue,12.34,3.74
83.02,6.11,0.398,0,Van,Standard,0.818,Fri,4.35,2.95
78.15,2.74,0.732,0,Van,Standard,0.979,Thu,3.86,3.24
468.38,8.5,0.952,0,Bike,Express,0.452,Wed,11.01,13.69
221.76,10.06,0.686,0,Bike,Standard,0.235,Mon,6.94,6.75
194.74,1.37,0.57,0,Van,Standard,0.222,Wed,12.34,4.6
366.19,1.94,0.476,0,Bike,Standard,0.638,Sun,2.58,10.67
278.73,4.0,0.837,0,Van,Standard,0.592,Fri,5.37,7.2
468.39,0.38,0.857,1,Van,Express,0.266,Mon,4.39,11.6
391.25,0.66,0.328,0,Van,Express,0.894,Sun,10.62,8.87
242.29,1.76,0.956,0,Van,Express,0.961,Wed,11.51,7.01
191.3,12.3,0.425,0,Van,Standard,0.328,Fri,7.11,4.84
493.38,4.44,0.81,0,Van,Standard,0.286,Mon,7.43,11.11
360.29,2.22,0.968,0,Bike,Standard,0.293,Wed,2.41,11.26
475.84,1.58,0.718,0,Van,Express,0.449,Sat,10.68,10.7
63.65,1.32,0.203,0,Van,Standard,0.868,Wed,14.89,2.31
426.01,2.35,0.607,1,Bike,Express,0.636,Tue,11.78,13.45
320.35,2.24,0.163,0,Van,Standard,0.161,Mon,3.74,6.97
65.35,3.12,0.8,0,Truck,Standard,0.526,Sun,9.54,2.94
296.19,5.22,0.317,0,Bike,Express,0.181,Sat,4.78,8.03
344.62,3.5,0.71,1,Van,Standard,0.466,Mon,0.94,9.66
11.09,6.36,0.915,1,Truck,Standard,0.463,Sun,3.11,2.58
229.89,2.96,0.222,0,Truck,Standard,0.684,Sat,1.99,6.53
413.57,10.55,0.423,1,Van,Express,0.595,Wed,3.34,10.07
151.2,6.26,0.665,1,Van,Standard,0.887,Fri,12.04,5.46
231.98,4.36,0.449,0,Truck,Express,0.115,Tue,4.75,6.39
223.95,5.23,0.216,1,Van,Standard,0.797,Tue,11.48,5.73
154.45,2.4,0.078,0,Bike,Standard,0.12,Sat,14.26,3.82
459.63,3.09,0.436,0,Bike,Standard,0.374,Tue,8.83,12.5
391.74,3.0,0.667,0,Van,Standard,0.892,Wed,7.54,9.78
59.74,2.0,0.595,0,Van,Express,0.721,Wed,11.38,2.05
498.53,1.11,0.198,0,Bike,Express,0.255,Tue,1.91,13.46
440.2,5.43,0.478,0,Van,Express,0.542,Sat,6.71,9.79
145.53,7.04,0.401,1,Van,Express,0.75,Fri,7.73,4.72
419.26,4.91,0.31,0,Van,Standard,0.944,Sun,12.55,9.46
57.68,3.49,0.743,1,Truck,Standard,0.671,Thu,12.31,3.65
499.56,13.64,0.344,0,Van,Express,0.122,Tue,12.8,10.64
334.51,2.19,0.563,0,Truck,Standard,0.55,Tue,10.62,8.92
326.81,4.46,0.927,0,Truck,Express,0.238,Wed,8.19,8.98
49.77,7.72,0.562,0,Bike,Standard,0.143,Sun,12.5,1.86
449.03,1.45,0.636,0,Van,Standard,0.639,Tue,13.16,10.06
19.35,5.72,0.12,0,Bike,Standard,0.799,Fri,7.47,1.0
124.21,11.0,0.219,0,Truck,Standard,0.132,Mon,14.79,3.77
75.8,3.71,0.146,0,Bike,Standard,0.805,Sun,13.18,2.88
389.5,4.19,0.777,0,Van,Standard,0.736,Fri,7.9,9.78
103.11,2.2,0.844,1,Truck,Standard,0.777,Thu,1.5,5.03
455.77,5.19,0.227,0,Bike,Standard,0.32,Wed,3.76,12.59
329.85,1.96,0.258,0,Truck,Standard,0.454,Wed,11.76,8.17
22.9,3.55,0.357,0,Bike,Standard,0.208,Tue,2.11,1.01
7.69,0.98,0.612,1,Van,Standard,0.315,Fri,7.31,1.64
30.57,0.2,0.641,0,Van,Express,0.373,Sun,9.27,1.54
304.93,2.57,0.702,0,Van,Standard,0.387,Tue,13.24,7.41
401.73,2.54,0.91,0,Van,Standard,0.258,Sat,12.78,9.37
123.08,2.75,0.33,0,Truck,Standard,0.27,Thu,11.58,3.28
425.46,6.13,0.676,0,Van,Standard,0.911,Sat,6.41,10.45
33.33,7.17,0.582,0,Van,Standard,0.806,Sat,2.56,1.95
401.48,4.6,0.341,0,Truck,Standard,0.41,Mon,10.21,10.15
464.26,5.84,0.912,0,Van,Standard,0.953,Mon,3.13,11.7
387.19,2.01,0.141,0,Bike,Standard,0.315,Sun,8.64,10.62
350.57,1.62,0.726,1,Truck,Standard,0.466,Tue,14.72,10.36
419.8,5.27,0.741,0,Bike,Standard,0.832,Fri,8.48,12.37
24.87,1.43,0.92,0,Van,Standard,0.499,Sat,9.86,1.84
104.88,1.29,0.543,0,Van,Standard,0.311,Thu,10.32,2.66
66.84,18.25,0.356,0,Van,Standard,0.432,Mon,12.54,1.87
254.74,3.88,0.836,0,Bike,Express,0.551,Mon,6.81,7.9
373.87,2.54,0.782,0,Bike,Standard,0.659,Fri,7.71,11.34
316.86,2.32,0.525,0,Van,Standard,0.465,Sun,3.05,7.32
426.31,1.01,0.779,0,Bike,Standard,0.488,Wed,9.41,12.44
81.83,4.53,0.304,0,Van,Standard,0.338,Thu,4.79,2.48
368.64,2.95,0.61,0,Van,Standard,0.582,Sun,7.86,8.4
100.56,7.04,0.872,1,Van,Express,0.298,Sat,11.62,4.14
139.03,5.38,0.352,0,Bike,Express,0.881,Thu,0.75,4.92
356.4,2.87,0.509,0,Van,Standard,0.773,Fri,8.68,8.55
490.2,0.52,0.953,0,Truck,Standard,0.469,Sun,3.01,12.95
307.71,3.89,0.808,0,Van,Express,0.773,Sat,4.55,7.91
31.98,3.64,0.893,1,Bike,Standard,0.106,Wed,1.0,3.19
310.07,0.4,0.416,0,Bike,Standard,0.41,Fri,2.96,9.06
25.96,4.96,0.997,0,Van,Express,0.496,Wed,14.81,1.71
442.65,1.38,0.195,0,Truck,Standard,0.523,Sun,14.98,10.9
356.24,7.28,0.543,0,Van,Standard,0.774,Mon,10.94,8.41
90.7,3.48,0.505,1,Bike,Standard,0.967,Tue,9.37,4.69
50.4,2.26,0.809,0,Van,Standard,0.442,Wed,11.77,2.09
95.85,4.29,0.913,0,Bike,Standard,0.416,Tue,13.5,3.78
490.11,4.11,0.745,0,Bike,Standard,0.649,Fri,8.03,13.99
231.99,4.0,0.645,0,Truck,Standard,0.353,Fri,1.01,6.74
393.12,6.65,0.456,0,Van,Standard,0.227,Sun,10.79,8.81
320.02,4.48,0.535,0,Bike,Standard,0.965,Thu,14.78,9.2
288.34,2.1,0.534,0,Van,Express,0.829,Fri,4.24,7.18
76.84,3.02,0.069,0,Bike,Standard,0.963,Fri,7.22,2.81
473.28,9.02,0.528,0,Bike,Standard,0.296,Mon,5.74,13.37
154.16,1.95,0.863,0,Van,Standard,0.116,Fri,6.16,4.5
291.12,4.91,0.724,0,Van,Standard,0.494,Mon,10.96,7.23
351.39,6.82,0.806,0,Van,Standard,0.94,Thu,5.99,9.23
326.37,5.24,0.421,0,Truck,Standard,0.224,Sun,14.15,8.16
470.59,3.91,0.553,0,Bike,Standard,0.205,Sat,11.95,13.19
78.48,4.35,0.082,1,Truck,Express,0.162,Thu,0.9,2.77
256.63,5.47,0.414,0,Van,Express,0.789,Wed,12.37,6.12
205.0,1.93,0.501,0,Bike,Express,0.807,Sat,11.71,6.22
239.71,3.66,0.292,0,Truck,Standard,0.726,Sun,7.99,6.73
64.01,13.59,0.08,0,Bike,Standard,0.148,Wed,7.7,2.22
71.38,5.01,0.706,0,Van,Standard,0.751,Mon,12.62,2.62
142.65,4.01,0.463,0,Van,Standard,0.504,Fri,6.66,3.71
155.83,2.79,0.445,0,Bike,Express,0.242,Fri,2.81,4.62
216.81,1.95,0.287,1,Truck,Express,0.366,Sun,5.04,6.67
307.44,4.46,0.561,0,Bike,Standard,0.551,Sun,4.35,8.97
319.14,4.67,0.466,0,Truck,Express,0.397,Tue,10.38,7.71
208.85,3.48,0.5,0,Bike,Express,0.973,Tue,3.09,6.32
207.35,17.07,0.602,1,Bike,Standard,0.527,Sun,9.85,8.22
112.73,2.09,0.056,1,Van,Express,0.435,Wed,7.26,3.52
296.21,1.7,0.912,0,Truck,Standard,0.706,Thu,12.68,8.88
161.94,2.82,0.118,0,Bike,Standard,0.685,Wed,7.53,4.98
22.85,3.56,0.478,0,Truck,Standard,0.102,Wed,13.98,0.93
212.11,1.86,0.247,0,Bike,Standard,0.657,Thu,13.56,5.86
239.7,4.38,0.548,0,Van,Standard,0.319,Wed,3.19,5.91
116.67,4.72,0.316,0,Van,Express,0.438,Wed,10.45,3.14
288.37,5.91,0.867,0,Bike,Standard,0.736,Wed,3.61,9.58
285.06,2.48,0.427,1,Truck,Standard,0.602,Mon,12.44,8.2
352.49,8.54,0.657,1,Van,Standard,0.432,Sat,9.72,8.84
325.73,5.64,0.286,1,Van,Standard,0.251,Sun,4.76,7.69
327.95,2.06,0.068,0,Van,Standard,0.555,Thu,4.11,7.28
161.53,1.86,0.434,0,Van,Standard,0.387,Tue,6.73,4.3
394.78,2.97,0.56,0,Van,Express,0.922,Fri,12.11,9.43
276.83,4.73,0.487,0,Truck,Standard,0.581,Thu,12.04,7.44
218.55,5.21,0.964,0,Van,Standard,0.879,Thu,0.98,6.55
314.88,5.64,0.721,1,Van,Standard,0.451,Fri,4.88,8.7
183.53,13.05,0.996,0,Van,Standard,0.845,Sat,6.63,5.71
258.81,0.71,0.33,0,Van,Express,0.151,Mon,8.99,5.56
369.67,3.41,0.8,0,Van,Standard,0.368,Mon,2.67,9.11
443.77,12.36,0.578,0,Van,Standard,0.17,Mon,5.36,10.01
460.92,6.09,0.631,0,Van,Standard,0.128,Tue,13.34,10.16
254.3,1.61,0.987,0,Van,Express,0.927,Sun,7.41,6.88
262.54,4.23,0.671,0,Truck,Standard,0.745,Sat,11.29,7.69
400.94,3.26,0.904,0,Truck,Standard,0.663,Fri,7.53,11.48
160.65,3.18,0.739,0,Truck,Express,0.579,Fri,7.24,4.9
419.5,2.44,0.171,0,Van,Standard,0.613,Mon,9.52,9.26
249.6,3.99,0.714,0,Van,Standard,0.675,Tue,4.26,6.46
62.35,7.53,0.51,0,Bike,Standard,0.844,Sat,4.12,2.9
40.67,2.62,0.923,0,Van,Standard,0.637,Thu,14.85,2.16
421.79,5.66,0.816,0,Bike,Express,0.774,Thu,13.1,12.29
32.51,6.34,0.149,0,Bike,Standard,0.353,Sat,11.2,1.32
143.9,8.49,0.177,0,Truck,Express,0.979,Mon,2.49,4.25
170.39,1.83,0.116,0,Truck,Standard,0.129,Sat,0.94,4.42
90.63,3.76,0.519,1,Van,Standard,0.448,Fri,3.04,3.89
160.38,2.23,0.127,0,Bike,Standard,0.894,Wed,14.1,4.78
372.63,3.99,0.737,0,Van,Standard,0.262,Thu,12.34,8.6
12.27,3.97,0.575,1,Van,Standard,0.227,Mon,8.08,2.41
414.45,1.46,0.844,0,Truck,Standard,0.429,Tue,14.55,10.67
428.99,4.16,0.316,0,Truck,Standard,0.485,Tue,2.63,11.29
189.27,13.46,0.543,0,Van,Standard,0.94,Sun,8.61,5.32
81.04,5.22,0.162,0,Bike,Standard,0.853,Mon,3.16,3.17
302.42,1.21,0.89,0,Bike,Express,0.518,Wed,4.94,9.39
64.24,1.74,0.216,0,Bike,Standard,0.976,Mon,14.13,2.29
185.64,3.63,0.147,0,Van,Standard,0.678,Tue,13.09,4.23
479.42,1.77,0.245,0,Bike,Standard,0.886,Mon,1.98,13.42
497.75,8.2,0.816,0,Bike,Express,0.321,Tue,4.12,14.21
387.19,1.07,0.151,0,Bike,Standard,0.54,Sat,9.12,10.81
158.93,5.25,0.634,0,Bike,Standard,0.127,Sat,1.39,5.03
345.39,0.86,0.759,0,Van,Standard,0.108,Wed,8.48,8.2
354.18,3.59,0.764,0,Bike,Standard,0.735,Fri,8.98,10.26
196.98,1.56,0.231,0,Truck,Express,0.206,Fri,4.72,4.86
322.24,5.9,0.109,0,Bike,Standard,0.593,Sun,4.75,9.38
10.31,7.33,0.476,0,Bike,Express,0.726,Sat,3.82,1.19
108.48,4.72,0.242,0,Bike,Standard,0.129,Tue,14.07,2.91
264.92,7.55,0.714,0,Van,Standard,0.504,Fri,6.14,6.66
86.06,0.28,0.389,0,Bike,Standard,0.716,Sat,8.99,2.53
87.12,4.12,0.477,0,Van,Standard,0.901,Wed,4.87,2.83
418.97,5.2,0.158,0,Bike,Standard,0.369,Fri,10.69,11.62
494.62,5.65,0.589,0,Truck,Standard,0.977,Wed,1.97,13.15
280.2,4.99,0.226,0,Bike,Standard,0.86,Wed,1.54,8.31
420.34,5.74,0.695,0,Van,Standard,0.686,Tue,11.29,9.54
495.21,4.09,0.118,1,Truck,Standard,0.453,Mon,11.04,13.22
75.09,1.22,0.977,0,Bike,Express,0.74,Sat,4.34,3.82
226.88,2.43,0.7,0,Bike,Standard,0.835,Sat,5.65,7.48
199.32,8.23,0.223,0,Truck,Standard,0.373,Fri,14.38,4.92
44.62,7.64,0.063,0,Bike,Standard,0.994,Tue,2.01,2.1
378.89,5.13,0.368,0,Bike,Standard,0.918,Mon,3.16,11.11
219.72,5.98,0.195,0,Van,Standard,0.537,Fri,6.74,5.02
237.32,7.06,0.257,1,Bike,Express,0.751,Tue,4.59,7.66
79.58,5.09,0.879,0,Truck,Standard,0.572,Thu,9.91,3.31
94.56,8.08,0.623,1,Van,Express,0.785,Sun,10.51,4.39
454.02,7.91,0.218,0,Van,Standard,0.844,Mon,8.13,10.45
27.1,16.1,0.579,1,Bike,Express,0.121,Fri,9.36,2.26
120.26,2.51,0.293,0,Van,Standard,0.171,Sun,6.78,2.65
149.57,2.55,0.977,0,Van,Express,0.403,Wed,11.53,4.36
247.65,4.84,0.081,0,Bike,Standard,0.926,Sat,1.11,7.45
295.29,11.91,0.746,0,Truck,Standard,0.458,Sat,5.04,8.38
249.18,8.49,0.784,0,Van,Standard,0.899,Thu,10.42,6.7
46.64,6.48,0.114,0,Van,Standard,0.516,Wed,5.28,1.49
125.62,8.86,0.213,0,Bike,Standard,0.36,Fri,1.64,3.48
422.58,5.26,0.415,0,Bike,Standard,0.911,Fri,5.5,12.46
320.61,3.0,0.875,0,Van,Standard,0.605,Thu,10.82,8.15
326.33,13.77,0.56,1,Van,Standard,0.424,Tue,2.27,8.83
336.75,5.0,0.673,0,Van,Standard,0.14,Sat,11.01,7.88
382.64,7.8,0.794,0,Bike,Express,0.2,Tue,11.74,10.82
33.76,0.27,0.837,0,Truck,Standard,0.225,Mon,9.71,1.79
186.47,0.36,0.502,0,Bike,Standard,0.428,Mon,4.04,5.63
272.07,4.22,0.533,0,Van,Standard,0.647,Thu,12.18,6.67
172.54,1.77,0.732,1,Van,Standard,0.377,Mon,3.61,5.14
423.02,4.49,0.3,0,Bike,Standard,0.159,Wed,13.63,11.21
243.87,2.54,0.862,0,Bike,Standard,0.338,Tue,10.75,7.82
385.47,17.55,0.07,0,Bike,Standard,0.468,Thu,1.29,10.95
426.75,7.4,0.236,0,Truck,Standard,0.993,Sat,12.09,11.03
254.87,9.41,0.81,0,Van,Standard,0.454,Thu,7.84,6.8
455.23,0.46,0.373,0,Van,Standard,0.18,Thu,7.06,9.83
295.63,6.42,0.192,0,Truck,Express,0.623,Tue,6.6,7.48
425.89,3.27,0.227,0,Van,Standard,0.928,Mon,9.3,9.78
173.59,9.53,0.554,0,Van,Standard,0.808,Sun,11.01,4.49
251.91,5.81,0.854,1,Van,Standard,0.853,Fri,13.49,8.13
268.05,3.63,0.117,0,Van,Express,0.935,Mon,4.46,6.15
56.96,1.34,0.079,0,Van,Standard,0.673,Thu,9.65,1.88
202.28,4.16,0.492,0,Truck,Standard,0.995,Mon,10.45,6.05
459.08,8.11,0.958,0,Van,Express,0.13,Mon,10.28,10.76
317.26,9.88,0.315,0,Van,Standard,0.851,Wed,7.65,7.33
92.87,2.85,0.961,0,Van,Standard,0.871,Fri,6.17,3.79
172.73,15.81,0.893,0,Truck,Standard,0.925,Fri,11.55,5.74
99.84,7.7,0.319,0,Bike,Standard,0.53,Sat,4.85,3.45
17.29,1.8,0.826,0,Truck,Standard,0.809,Tue,3.52,1.63
464.09,1.46,0.702,0,Bike,Standard,0.276,Tue,8.41,12.86
226.86,3.43,0.536,0,Van,Standard,0.643,Thu,4.38,6.03
157.23,2.85,0.452,0,Truck,Standard,0.423,Sun,0.98,4.72
301.25,5.29,0.825,0,Van,Standard,0.637,Sat,1.25,7.83
8.62,3.85,0.803,0,Bike,Standard,0.708,Fri,10.58,1.44
142.62,3.03,0.769,0,Truck,Standard,0.412,Mon,14.61,4.2
353.0,0.92,0.998,0,Van,Standard,0.295,Sun,7.09,8.88
318.72,5.93,0.505,0,Van,Standard,0.39,Sun,2.63,7.53
490.99,0.84,0.817,1,Van,Standard,0.698,Fri,12.36,12.57
312.08,7.72,0.869,0,Van,Standard,0.709,Wed,4.29,8.18
241.37,0.53,0.251,0,Van,Standard,0.767,Fri,14.94,5.61
381.91,0.79,0.09,0,Bike,Standard,0.214,Fri,8.67,10.04
452.15,1.8,0.435,0,Van,Standard,0.837,Sun,3.87,10.45
361.74,2.65,0.864,0,Truck,Express,0.719,Mon,7.69,9.99
481.79,2.24,0.325,0,Bike,Express,0.127,Thu,5.36,12.86
392.09,2.64,0.715,1,Van,Express,0.402,Fri,11.8,9.64
434.07,4.56,0.057,0,Van,Standard,0.52,Wed,2.03,9.76
61.48,1.83,0.388,0,Truck,Standard,0.425,Sat,12.93,2.26
367.54,4.59,0.635,0,Van,Standard,0.206,Mon,11.63,8.43
222.84,0.28,0.173,0,Truck,Standard,0.287,Mon,12.99,5.74
278.79,1.77,0.902,1,Bike,Standard,0.122,Sat,13.48,9.77
328.78,0.75,0.198,1,Van,Standard,0.184,Mon,3.83,8.62
485.06,7.66,0.914,1,Truck,Standard,0.34,Wed,8.05,13.9
492.37,2.05,0.256,0,Truck,Standard,0.838,Tue,12.82,12.39
147.67,5.68,0.995,0,Van,Standard,0.574,Fri,5.97,4.82
368.21,0.61,0.625,0,Van,Standard,0.482,Mon,1.38,8.89
376.24,9.77,0.13,0,Van,Standard,0.696,Wed,4.73,8.81
176.51,4.02,0.112,0,Bike,Express,0.587,Sun,4.01,5.14
66.32,3.69,0.121,0,Truck,Standard,0.218,Wed,13.12,1.93
25.27,0.93,0.61,0,Truck,Standard,0.3,Fri,7.23,1.34
389.78,1.58,0.819,1,Van,Standard,0.3,Sun,10.41,10.26
247.4,3.11,0.433,0,Bike,Standard,0.64,Fri,14.45,7.4
492.84,1.64,0.473,1,Van,Standard,0.515,Sat,4.84,12.06
235.16,7.17,0.61,0,Bike,Standard,0.449,Sun,11.54,7.14
489.07,3.93,0.556,0,Van,Express,0.601,Fri,0.83,11.3
208.73,1.66,0.704,0,Van,Standard,0.973,Sat,2.01,5.77
397.87,6.45,0.498,0,Bike,Standard,0.383,Thu,2.85,11.45
46.99,2.8,0.728,0,Van,Standard,0.568,Sat,5.03,2.31
279.95,6.25,0.997,0,Truck,Express,0.532,Fri,6.34,7.98
402.02,2.45,0.383,0,Bike,Standard,0.745,Wed,7.42,11.56
462.73,5.42,0.062,1,Van,Express,0.757,Thu,4.06,11.01
412.18,2.72,0.169,0,Van,Standard,0.756,Wed,1.46,9.38
23.3,7.17,0.576,0,Bike,Standard,0.281,Wed,10.32,1.41
189.49,0.62,0.377,0,Van,Express,0.504,Wed,0.84,4.47
29.11,1.24,0.943,0,Van,Standard,0.83,Thu,12.24,2.25
59.09,3.33,0.646,0,Bike,Standard,0.443,Wed,13.97,2.42
339.28,2.12,0.544,0,Bike,Express,0.986,Fri,10.8,9.74
358.06,2.65,0.808,0,Truck,Standard,0.428,Wed,9.14,9.83
387.99,5.85,0.296,0,Van,Standard,0.548,Thu,10.03,8.6
433.4,2.61,0.829,0,Van,Express,0.527,Mon,9.96,10.53
371.02,4.7,0.053,0,Van,Express,0.49,Wed,14.01,7.85
401.43,1.76,0.639,1,Truck,Express,0.861,Wed,14.48,10.95
29.24,0.48,0.938,0,Van,Express,0.24,Sun,6.69,1.57
121.09,6.23,0.798,0,Truck,Standard,0.611,Thu,9.45,4.45
312.84,11.22,0.861,0,Van,Express,0.657,Mon,12.14,7.76
429.77,4.36,0.427,0,Van,Standard,0.866,Wed,0.52,9.93
7.23,3.47,0.833,0,Van,Standard,0.648,Sat,8.14,1.74
259.74,4.03,0.573,0,Van,Standard,0.964,Tue,9.97,6.56
340.26,8.91,0.638,0,Van,Express,0.885,Tue,10.9,8.32
19.66,4.4,0.106,0,Bike,Standard,0.414,Wed,5.85,1.2
203.67,6.43,0.241,0,Van,Express,0.874,Wed,4.79,5.07
448.34,6.24,0.573,1,Van,Standard,0.963,Thu,3.14,12.42
337.45,7.58,0.106,0,Bike,Standard,0.331,Mon,8.59,9.0
122.64,3.41,0.754,0,Bike,Standard,0.649,Sat,13.83,4.25
427.13,2.43,0.848,1,Van,Standard,0.354,Tue,13.49,10.45
177.28,5.46,0.924,0,Van,Standard,0.685,Fri,5.72,5.82
427.41,7.22,0.147,0,Truck,Standard,0.184,Thu,4.24,10.96
152.98,8.15,0.943,0,Van,Standard,0.761,Tue,11.94,5.11
297.21,9.63,0.114,0,Truck,Standard,0.478,Thu,11.01,7.44
201.49,6.79,0.5,0,Van,Standard,0.629,Mon,7.83,5.07
141.04,2.32,0.848,0,Bike,Standard,0.123,Fri,6.14,4.69
443.85,4.36,0.117,0,Truck,Standard,0.726,Wed,2.3,11.25
97.86,4.08,0.067,0,Bike,Standard,0.546,Wed,11.88,3.27
46.98,3.76,0.074,0,Van,Standard,0.663,Tue,9.45,1.5
174.25,5.47,0.536,0,Van,Standard,0.384,Wed,5.96,4.51
360.23,3.18,0.821,0,Van,Standard,0.231,Wed,13.82,8.63
404.68,3.18,0.171,1,Van,Standard,0.492,Tue,10.07,9.4
499.38,11.66,0.168,0,Van,Standard,0.95,Sun,13.97,11.24
151.7,3.55,0.59,0,Bike,Standard,0.305,Tue,7.38,4.64
206.93,7.54,0.273,0,Bike,Standard,0.708,Tue,7.09,6.24
72.73,7.83,0.744,0,Bike,Standard,0.145,Thu,14.09,2.66
289.56,4.44,0.952,0,Bike,Standard,0.746,Wed,14.42,9.09
498.8,3.28,0.778,1,Van,Express,0.315,Thu,14.43,11.99
351.94,1.83,0.883,0,Van,Standard,0.506,Sat,12.37,8.67
299.63,0.82,0.544,0,Van,Standard,0.431,Mon,7.2,7.04
199.22,5.74,0.841,0,Van,Express,0.202,Thu,3.55,5.31
458.07,4.96,0.224,0,Bike,Standard,0.411,Mon,6.06,12.49
250.97,6.33,0.115,0,Bike,Standard,0.415,Mon,14.11,7.07
71.51,2.55,0.673,0,Van,Express,0.57,Mon,5.77,2.43
185.86,12.42,0.099,0,Truck,Standard,0.975,Tue,11.47,5.22
38.25,5.27,0.898,0,Van,Express,0.523,Wed,13.88,1.81
104.98,3.45,0.707,1,Bike,Standard,0.923,Sun,14.57,4.49
13.75,0.44,0.955,0,Van,Standard,0.515,Sun,14.24,2.0
229.37,2.79,0.348,0,Truck,Standard,0.197,Mon,8.55,5.9
319.1,6.53,0.512,0,Van,Standard,0.307,Sun,7.63,7.23
174.93,9.46,0.755,0,Bike,Express,0.467,Fri,14.82,5.67
213.09,3.86,0.281,1,Bike,Standard,0.393,Thu,3.66,6.61
479.81,10.48,0.565,0,Van,Standard,0.879,Sat,3.22,11.47
377.22,1.71,0.676,0,Truck,Standard,0.711,Thu,14.47,9.92
272.72,5.07,0.98,0,Van,Standard,0.62,Tue,10.49,7.57
145.85,5.17,0.757,1,Van,Standard,0.542,Thu,8.28,4.66
449.01,5.77,0.162,0,Van,Express,0.458,Sat,2.41,10.09
121.37,4.26,0.502,0,Truck,Standard,0.651,Fri,7.94,3.67
166.04,4.88,0.609,0,Van,Express,0.212,Tue,14.19,3.86
454.99,1.67,0.189,0,Truck,Standard,0.246,Sun,9.24,11.41
267.12,8.88,0.46,1,Van,Standard,0.373,Tue,6.37,7.45
372.45,7.05,0.32,0,Van,Standard,0.254,Sat,8.49,8.7
297.42,4.74,0.163,0,Van,Standard,0.709,Wed,13.35,6.72
328.45,7.16,0.536,0,Van,Standard,0.122,Mon,13.74,7.43
153.19,9.06,0.207,1,Truck,Standard,0.244,Sun,6.3,5.46
124.48,5.71,0.611,0,Van,Express,0.912,Fri,9.32,3.41
164.63,13.28,0.211,0,Van,Express,0.998,Tue,4.55,4.09
81.94,6.04,0.737,1,Van,Express,0.539,Mon,7.04,3.48
437.79,1.91,0.235,0,Van,Express,0.546,Mon,3.69,9.77
145.21,4.57,0.901,1,Van,Express,0.796,Tue,8.21,4.95
282.94,7.35,0.075,0,Van,Standard,0.133,Sun,8.88,6.27
397.03,9.07,0.546,0,Van,Standard,0.484,Tue,5.4,9.41
392.99,4.32,0.354,0,Van,Express,0.19,Tue,4.45,8.93
222.0,1.78,0.264,0,Van,Express,0.461,Sat,2.69,5.31
240.75,3.22,0.498,0,Bike,Express,0.985,Sun,2.52,7.52
497.38,1.15,0.85,0,Van,Express,0.778,Tue,10.82,11.87
338.93,6.47,0.92,1,Van,Standard,0.987,Fri,3.71,9.94
408.25,2.76,0.338,0,Van,Express,0.771,Thu,2.21,9.23
451.76,2.17,0.197,0,Van,Express,0.647,Fri,14.98,9.48
394.86,6.9,0.734,0,Van,Standard,0.779,Wed,4.27,9.64
96.66,10.34,0.603,0,Truck,Express,0.693,Sat,13.49,3.18
283.27,2.16,0.241,0,Van,Standard,0.518,Sun,9.33,6.49
55.44,4.34,0.772,0,Van,Express,0.363,Sat,10.87,1.65
328.2,3.33,0.543,0,Van,Standard,0.568,Sun,8.63,7.73
477.9,9.34,0.671,0,Van,Express,0.333,Mon,3.12,10.93
258.8,3.62,0.391,0,Van,Standard,0.538,Fri,12.78,6.13
219.32,1.63,0.467,0,Van,Standard,0.232,Sun,12.51,5.35
22.74,3.75,0.221,1,Van,Standard,0.609,Thu,5.57,1.77
480.09,8.1,0.769,0,Bike,Standard,0.321,Sun,11.58,13.56
55.99,3.18,0.199,0,Van,Standard,0.364,Wed,8.37,1.29
25.33,2.35,0.789,0,Bike,Express,0.549,Sun,13.68,1.73
126.8,3.5,0.808,0,Van,Standard,0.246,Sun,12.14,3.5
37.44,1.68,0.759,0,Van,Express,0.966,Fri,1.09,2.43
230.28,3.32,0.068,1,Van,Standard,0.502,Fri,13.25,6.43
260.46,2.5,0.309,1,Van,Standard,0.417,Thu,14.54,6.87
159.72,14.83,0.495,0,Truck,Express,0.126,Wed,11.26,4.38
30.23,0.58,0.616,0,Van,Standard,0.859,Thu,2.24,2.22
60.24,1.9,0.923,0,Van,Standard,0.663,Sun,12.21,2.93
195.33,2.35,0.407,0,Truck,Express,0.475,Mon,9.89,4.74
34.96,1.69,0.881,0,Van,Express,0.321,Tue,5.41,1.71
350.6,5.1,0.205,0,Van,Standard,0.771,Thu,13.32,7.72
107.48,2.13,0.403,0,Bike,Express,0.951,Wed,8.7,3.74
154.53,1.03,0.1,0,Bike,Standard,0.443,Fri,12.87,4.44
200.09,4.07,0.755,0,Van,Standard,0.221,Wed,10.22,4.65
211.22,3.04,0.193,0,Bike,Standard,0.198,Fri,4.68,5.93
5.82,2.21,0.294,0,Van,Standard,0.106,Mon,14.64,0.5
60.47,9.19,0.786,0,Bike,Standard,0.77,Wed,8.78,3.13
432.07,5.22,0.558,0,Van,Express,0.983,Fri,7.99,10.12
5.61,4.82,0.063,0,Bike,Standard,0.994,Thu,6.35,0.97
256.54,5.3,0.052,0,Bike,Standard,0.806,Fri,2.48,7.42
247.3,5.12,0.535,0,Truck,Standard,0.246,Fri,10.45,6.57
169.88,3.16,0.34,0,Van,Standard,0.98,Wed,6.75,4.59
218.51,2.15,0.221,0,Truck,Standard,0.395,Wed,14.05,5.65
391.39,4.13,0.633,0,Van,Express,0.4,Sun,14.49,8.88
421.4,3.12,0.267,0,Bike,Standard,0.719,Sun,11.63,11.78
133.87,0.57,0.613,0,Van,Standard,0.144,Mon,4.02,3.79
164.63,1.56,0.41,0,Van,Standard,0.843,Fri,10.88,4.25
125.03,2.82,0.227,0,Bike,Standard,0.998,Thu,0.8,4.13
242.53,7.0,0.181,0,Truck,Standard,0.798,Mon,12.48,6.56
343.21,4.15,0.275,0,Van,Express,0.804,Fri,7.66,7.83
117.99,1.84,0.078,0,Van,Standard,0.451,Mon,14.08,2.83
168.71,1.44,0.343,0,Van,Standard,0.159,Wed,5.98,3.75
465.54,8.0,0.907,0,Van,Standard,0.813,Fri,4.32,11.87
29.04,3.27,0.84,0,Bike,Standard,0.637,Sat,14.93,2.16
233.08,0.2,0.403,0,Truck,Standard,0.918,Wed,8.19,6.48
357.22,3.43,0.597,0,Van,Standard,0.204,Sat,13.02,7.92
79.47,6.02,0.589,0,Bike,Express,0.375,Sat,13.71,2.86
28.45,1.4,0.837,0,Bike,Standard,0.425,Thu,8.02,1.81
73.41,3.92,0.274,0,Van,Standard,0.715,Tue,7.11,2.74
459.82,4.19,0.332,0,Truck,Standard,0.809,Fri,8.52,11.72
9.58,1.48,0.337,0,Truck,Express,0.965,Mon,12.79,1.19
98.22,8.48,0.089,0,Van,Standard,0.366,Sun,14.49,2.33
20.49,4.25,0.349,0,Truck,Standard,0.544,Wed,5.26,1.57
59.76,2.81,0.884,0,Van,Express,0.126,Sat,11.21,1.99
311.97,3.29,0.916,0,Van,Standard,0.328,Sat,4.64,7.95
124.61,1.23,0.154,0,Van,Express,0.437,Thu,9.36,2.96
286.76,1.19,0.485,0,Bike,Standard,0.634,Sun,12.17,8.46
297.15,2.61,0.412,0,Bike,Standard,0.524,Sat,13.35,8.64
425.47,2.74,0.515,0,Van,Express,0.428,Sun,7.01,9.41
7.35,3.13,0.577,0,Bike,Standard,0.662,Mon,5.86,1.32
427.42,8.98,0.069,0,Truck,Standard,0.846,Thu,4.18,11.31
311.46,5.8,0.85,1,Truck,Standard,0.318,Sun,2.43,9.19
85.56,0.68,0.975,0,Van,Express,0.409,Sat,5.79,3.24
387.6,7.89,0.671,0,Van,Express,0.734,Thu,13.14,9.02
428.47,2.59,0.677,0,Van,Standard,0.8,Mon,6.57,10.29
130.86,6.18,0.552,0,Bike,Express,0.843,Tue,5.1,4.53
459.8,2.76,0.368,0,Van,Standard,0.288,Fri,11.22,9.91
229.96,4.05,0.192,1,Bike,Standard,0.585,Fri,3.63,7.84
303.7,1.32,0.605,0,Van,Standard,0.91,Sun,4.22,7.69
492.4,4.71,0.093,0,Bike,Standard,0.453,Mon,14.07,13.27
183.96,6.66,0.833,0,Bike,Express,0.487,Wed,1.68,6.46
407.51,0.83,0.45,0,Bike,Standard,0.986,Tue,6.51,12.04
162.61,6.73,0.444,0,Truck,Standard,0.202,Sun,8.86,4.53
400.61,2.14,0.361,0,Bike,Standard,0.735,Tue,3.84,11.35
302.36,10.86,0.971,0,Van,Express,0.865,Tue,4.57,8.0
112.1,6.26,0.216,0,Van,Express,0.236,Wed,3.72,3.03
209.94,5.54,0.194,0,Van,Standard,0.743,Mon,5.51,5.02
162.23,3.3,0.207,0,Van,Standard,0.523,Fri,13.53,3.84
43.66,16.55,0.676,1,Bike,Standard,0.868,Thu,6.76,3.36
19.77,2.6,0.992,0,Van,Standard,0.917,Thu,6.56,2.31
176.51,1.6,0.274,0,Van,Express,0.885,Sun,6.11,4.21
14.42,2.2,0.91,0,Van,Standard,0.158,Thu,14.48,1.22
86.92,7.47,0.315,1,Van,Standard,0.781,Wed,2.2,3.35
363.97,4.0,0.666,0,Van,Standard,0.929,Wed,13.14,8.71
355.51,3.58,0.088,0,Van,Standard,0.659,Sat,5.24,8.32
370.6,2.63,0.521,0,Bike,Express,0.641,Thu,14.37,10.36
161.99,3.44,0.672,1,Van,Standard,0.141,Tue,5.07,5.03
445.56,2.49,0.56,0,Bike,Standard,0.87,Fri,1.7,13.07
298.95,5.9,0.276,0,Van,Standard,0.142,Sat,8.04,6.76
67.38,3.07,0.837,0,Van,Express,0.382,Tue,3.8,2.51
76.14,2.24,0.972,0,Bike,Express,0.933,Thu,11.42,3.76
348.08,7.06,0.486,1,Bike,Standard,0.955,Thu,10.03,10.53
90.61,1.64,0.654,0,Van,Standard,0.993,Tue,10.45,3.41
256.11,4.04,0.801,0,Van,Standard,0.529,Mon,3.31,6.77
495.93,0.56,0.279,0,Truck,Standard,0.26,Sat,10.78,12.14
6.98,1.09,0.871,0,Truck,Standard,0.539,Fri,5.01,1.52
13.21,2.82,0.316,0,Truck,Express,0.192,Fri,14.98,0.5
496.58,2.46,0.787,0,Van,Express,0.885,Wed,11.11,11.28
294.4,2.45,0.156,0,Bike,Standard,0.604,Thu,9.06,8.18
67.82,6.3,0.324,0,Van,Standard,0.464,Sun,13.07,2.07
449.16,6.54,0.557,1,Van,Standard,0.172,Tue,9.05,10.64
440.79,4.61,0.549,0,Van,Standard,0.465,Fri,8.51,9.8
270.42,1.57,0.858,0,Van,Standard,0.88,Mon,3.94,7.19
312.79,3.42,0.996,0,Bike,Standard,0.733,Mon,10.33,9.91
140.23,11.85,0.152,1,Bike,Express,0.174,Sun,5.93,4.94
30.01,15.54,0.308,0,Bike,Standard,0.244,Mon,1.12,1.59
299.31,7.11,0.39,0,Bike,Express,0.453,Fri,12.33,8.51
150.9,1.62,0.505,0,Truck,Standard,0.191,Thu,1.25,4.6
333.49,3.45,0.519,1,Bike,Standard,0.941,Sat,10.25,10.7
418.94,4.4,0.863,1,Van,Standard,0.687,Thu,2.77,10.71
13.99,3.94,0.782,0,Truck,Express,0.185,Fri,6.77,1.05
299.88,7.6,0.068,0,Van,Standard,0.809,Sun,12.96,7.01
119.48,6.11,0.482,0,Van,Standard,0.432,Sat,1.87,3.38
437.57,1.54,0.637,0,Van,Standard,0.32,Sat,10.17,10.09
130.56,2.28,0.487,0,Van,Standard,0.613,Tue,9.38,3.62
307.33,7.09,0.174,0,Van,Standard,0.112,Tue,13.08,6.89
279.0,9.17,0.428,0,Truck,Standard,0.519,Thu,3.0,7.82
201.1,4.44,0.441,1,Van,Standard,0.859,Fri,12.1,6.05
340.42,9.9,0.228,0,Truck,Express,0.935,Fri,7.03,8.84
364.26,4.09,0.768,0,Truck,Standard,0.408,Sat,6.72,9.86
285.63,1.79,0.355,0,Van,Standard,0.678,Mon,5.75,6.75
380.42,5.74,0.61,0,Van,Standard,0.304,Tue,6.09,8.59
491.79,19.89,0.54,0,Van,Standard,0.604,Tue,8.04,11.73
212.54,1.24,0.884,1,Van,Express,0.329,Thu,2.05,6.38
259.72,9.67,0.166,0,Van,Standard,0.614,Fri,6.66,6.1
11.17,5.53,0.159,0,Van,Standard,0.255,Mon,9.95,0.81
399.03,2.17,0.335,0,Truck,Express,0.947,Sun,7.72,10.16
262.51,0.58,0.46,0,Van,Standard,0.898,Wed,2.9,6.31
206.94,0.35,0.334,1,Van,Standard,0.403,Fri,5.76,6.04
51.57,2.45,0.775,0,Bike,Standard,0.799,Sat,6.92,2.59
445.38,4.92,0.283,0,Van,Standard,0.186,Mon,10.2,9.62
200.53,6.75,0.131,0,Van,Standard,0.766,Sun,13.56,4.83
342.88,7.8,0.443,0,Van,Standard,0.354,Sun,8.48,7.95
78.94,4.63,0.785,0,Van,Standard,0.222,Sun,10.31,2.82
480.97,4.13,0.858,1,Van,Standard,0.71,Mon,1.62,12.59
93.33,2.9,0.747,0,Van,Express,0.523,Wed,14.34,2.89
103.77,5.01,0.58,1,Bike,Standard,0.577,Tue,5.07,4.27
430.2,2.2,0.738,0,Bike,Standard,0.568,Thu,5.64,12.64
456.73,1.31,0.697,0,Truck,Standard,0.154,Sun,3.73,11.56
110.01,3.95,0.273,1,Van,Standard,0.146,Sat,1.73,3.73
237.55,6.41,0.573,0,Truck,Standard,0.641,Sat,11.96,6.39
368.08,1.06,0.782,0,Bike,Standard,0.661,Wed,3.99,11.06
439.79,2.45,0.351,1,Van,Express,0.142,Sun,4.6,10.28
192.63,3.85,0.671,0,Van,Express,0.441,Sun,3.14,4.85
260.92,3.79,0.507,1,Van,Express,0.652,Sat,14.64,6.75
372.15,5.43,0.528,0,Van,Standard,0.691,Sat,11.83,8.61
366.91,11.63,0.136,1,Van,Standard,0.845,Fri,13.98,9.48
392.57,0.35,0.683,0,Truck,Standard,0.479,Mon,12.99,10.3
287.12,11.97,0.872,0,Van,Standard,0.593,Tue,13.64,7.36
56.78,11.3,0.184,1,Bike,Express,0.621,Sat,7.45,3.17
452.47,6.82,0.398,0,Bike,Standard,0.381,Wed,2.97,12.96
433.46,4.38,0.096,0,Van,Standard,0.148,Tue,5.24,9.53
400.06,2.23,0.078,0,Van,Standard,0.104,Sun,4.74,8.4
54.43,6.77,0.99,0,Van,Standard,0.853,Thu,10.9,2.87
106.18,4.54,0.519,1,Van,Standard,0.28,Sun,0.87,4.49
373.08,2.94,0.388,0,Van,Standard,0.667,Tue,2.56,8.81
16.45,6.65,0.311,0,Van,Standard,0.619,Wed,10.4,0.88
489.72,7.43,0.981,0,Van,Standard,0.46,Wed,2.29,12.13
191.69,9.12,0.29,1,Van,Standard,0.85,Wed,1.2,5.52
361.06,2.03,0.739,1,Van,Express,0.729,Thu,2.08,10.35
444.35,8.37,0.32,1,Truck,Standard,0.12,Wed,10.51,11.72
200.34,2.99,0.117,0,Van,Standard,0.799,Sat,2.52,4.82
162.97,4.39,0.699,0,Truck,Standard,0.556,Wed,2.62,5.1
306.33,5.01,0.052,0,Bike,Standard,0.412,Thu,3.84,8.5
292.59,7.93,0.692,0,Van,Express,0.754,Sun,11.39,7.2
207.52,6.2,0.288,0,Van,Standard,0.717,Thu,3.41,5.23
302.88,2.91,0.759,0,Van,Express,0.38,Mon,1.01,7.2
468.01,0.41,0.781,0,Bike,Express,0.985,Mon,13.64,13.27
236.48,5.38,0.738,0,Van,Standard,0.684,Thu,13.21,6.24
102.39,4.26,0.073,0,Van,Standard,0.645,Fri,3.18,2.9
191.72,1.23,0.719,0,Truck,Standard,0.163,Sun,4.35,5.56
200.08,4.63,0.991,0,Van,Standard,0.351,Mon,3.23,5.88
69.9,3.81,0.28,1,Bike,Standard,0.502,Thu,10.93,3.22
85.62,9.06,0.311,0,Van,Standard,0.668,Wed,4.13,2.77
343.86,12.49,0.823,1,Van,Standard,0.561,Thu,14.01,9.99
173.04,7.31,0.202,0,Bike,Standard,0.787,Thu,12.5,5.48
477.67,3.65,0.678,0,Van,Standard,0.336,Wed,9.03,10.85
125.58,4.07,0.767,0,Van,Standard,0.732,Mon,0.63,4.11
53.97,1.97,0.085,0,Bike,Express,0.835,Mon,13.31,1.28
377.98,2.3,0.576,0,Van,Standard,0.789,Thu,11.05,9.12
441.11,3.49,0.597,0,Van,Standard,0.794,Tue,11.92,10.42
142.67,3.22,0.338,0,Van,Express,0.9,Wed,1.54,3.79
105.03,1.16,0.883,1,Van,Standard,0.176,Mon,10.77,3.62
96.95,9.12,0.205,0,Bike,Standard,0.727,Mon,12.17,3.05
263.4,9.96,0.396,0,Truck,Standard,0.972,Mon,14.37,7.36
236.87,8.93,0.856,0,Van,Standard,0.616,Wed,8.92,6.44
133.42,10.18,0.231,0,Bike,Express,0.296,Tue,7.87,3.98
27.36,14.81,0.83,0,Truck,Standard,0.999,Tue,6.67,2.56
243.34,2.01,0.125,0,Bike,Standard,0.257,Wed,10.67,6.83
479.87,14.41,0.515,0,Van,Standard,0.402,Wed,13.85,10.88
328.0,2.89,0.122,0,Van,Standard,0.255,Mon,9.2,7.28
250.28,5.95,0.694,1,Truck,Standard,0.518,Mon,3.8,8.04
59.79,0.9,0.801,1,Truck,Express,0.477,Sun,0.75,3.24
129.96,2.61,0.857,0,Bike,Standard,0.542,Fri,9.48,4.72
150.91,7.44,0.982,1,Van,Standard,0.935,Mon,13.04,5.92
383.58,6.14,0.688,0,Van,Standard,0.53,Tue,1.46,9.66
438.97,2.85,0.781,0,Van,Express,0.563,Wed,6.26,10.25
451.31,4.07,0.53,1,Van,Standard,0.898,Sun,14.13,10.9
492.36,2.39,0.917,0,Bike,Standard,0.836,Sun,7.77,14.32
491.27,7.43,0.662,0,Bike,Standard,0.316,Sat,3.7,14.19
476.73,9.52,0.889,0,Bike,Express,0.112,Mon,5.63,13.57
40.55,2.01,0.274,0,Bike,Standard,0.667,Thu,6.42,2.36
73.21,3.77,0.522,0,Bike,Express,0.86,Thu,2.2,2.87
155.71,1.12,0.743,0,Truck,Standard,0.598,Fri,10.08,5.26
278.68,4.53,0.243,0,Van,Express,0.29,Sat,9.09,6.18
53.0,5.52,0.251,0,Van,Express,0.767,Wed,9.89,1.49
423.67,4.8,0.979,0,Truck,Standard,0.703,Thu,9.36,11.87
310.29,5.23,0.463,0,Van,Standard,0.609,Tue,0.74,7.7
273.47,3.48,0.223,1,Van,Standard,0.877,Tue,3.03,7.4
86.83,3.54,0.365,0,Truck,Standard,0.806,Wed,2.9,3.27
130.36,3.42,0.428,0,Van,Standard,0.701,Sat,1.92,3.92
84.35,2.54,0.642,0,Van,Standard,0.698,Thu,11.16,2.95
426.71,2.8,0.927,0,Truck,Express,0.696,Fri,2.24,11.74
294.19,5.35,0.987,0,Van,Standard,0.573,Fri,10.19,7.57
368.89,9.13,0.669,0,Van,Standard,0.518,Wed,3.09,8.97
151.54,1.72,0.715,0,Truck,Standard,0.739,Sun,2.22,5.07
188.77,3.53,0.356,0,Van,Standard,0.649,Mon,2.86,4.52
205.4,1.41,0.864,0,Truck,Standard,0.541,Sun,7.87,6.32
381.21,2.58,0.257,0,Bike,Standard,0.214,Mon,9.86,10.36
387.31,2.94,0.151,0,Bike,Standard,0.732,Wed,12.27,10.54
107.37,4.3,0.975,0,Van,Express,0.681,Sat,2.36,3.86
471.06,4.22,0.871,0,Bike,Standard,0.408,Fri,9.43,13.66
64.72,3.74,0.338,0,Truck,Express,0.421,Wed,11.72,2.22
448.58,5.05,0.691,0,Bike,Standard,0.322,Sun,5.03,12.93
54.7,1.87,0.494,0,Van,Standard,0.966,Mon,1.66,2.63
135.95,4.33,0.357,0,Bike,Standard,0.874,Fri,2.76,4.66
424.01,6.26,0.322,0,Truck,Standard,0.605,Thu,1.83,10.69
93.85,1.85,0.179,0,Van,Express,0.461,Tue,13.36,2.24
209.72,0.72,0.572,0,Bike,Standard,0.763,Sun,5.96,6.54
227.68,7.39,0.474,0,Bike,Standard,0.575,Sat,8.09,6.86
126.4,1.45,0.537,0,Van,Express,0.978,Mon,11.65,3.35
356.57,2.48,0.255,0,Truck,Standard,0.15,Mon,5.89,8.9
426.41,6.14,0.942,0,Truck,Express,0.131,Mon,9.91,11.42
437.91,1.77,0.657,0,Van,Standard,0.612,Wed,1.61,10.56
172.96,7.06,0.905,0,Van,Express,0.283,Wed,7.47,5.07
267.77,2.19,0.154,0,Bike,Standard,0.644,Sat,1.9,8.12
127.96,1.97,0.642,0,Van,Standard,0.803,Fri,4.1,3.62
126.17,1.41,0.857,0,Van,Standard,0.224,Mon,4.75,3.65
84.82,2.21,0.364,0,Bike,Standard,0.497,Thu,10.9,2.52
470.31,5.59,0.235,0,Van,Express,0.72,Sat,10.27,10.43
444.55,2.48,0.302,0,Truck,Standard,0.85,Sun,11.33,11.25
389.79,7.41,0.309,0,Bike,Standard,0.547,Wed,1.4,11.08
261.24,3.86,0.475,0,Bike,Standard,0.286,Mon,14.91,7.34
247.85,4.11,0.36,0,Bike,Express,0.627,Tue,1.29,7.36
267.22,1.92,0.308,0,Bike,Standard,0.509,Wed,12.47,7.29
270.6,8.14,0.666,0,Bike,Express,0.795,Thu,11.23,7.96
220.11,6.29,0.1,0,Van,Standard,0.6,Wed,9.08,5.17
70.22,6.18,0.373,1,Bike,Express,0.351,Mon,6.86,3.04
67.2,3.33,0.705,0,Van,Standard,0.779,Wed,11.48,2.63
476.36,1.26,0.217,0,Truck,Standard,0.566,Wed,11.23,11.71
243.61,4.26,0.26,0,Truck,Standard,0.26,Thu,2.49,6.01
476.84,5.43,0.241,0,Van,Standard,0.607,Mon,11.99,10.7
85.97,5.47,0.051,0,Bike,Express,0.953,Sat,1.64,2.91
279.44,4.98,0.5,0,Bike,Express,0.735,Wed,7.76,7.99
107.82,4.84,0.087,0,Bike,Standard,0.369,Wed,9.85,2.9
130.33,2.19,0.309,0,Truck,Express,0.74,Sun,12.41,3.33
19.88,2.28,0.995,1,Truck,Standard,0.354,Sat,7.22,2.41
63.88,1.43,0.922,1,Van,Standard,0.588,Mon,3.93,3.99
458.84,7.47,0.254,0,Van,Standard,0.574,Tue,7.61,10.07
164.16,12.13,0.345,0,Van,Standard,0.323,Mon,4.13,4.24
306.02,19.66,0.491,0,Bike,Standard,0.413,Thu,8.17,9.03
235.18,4.47,0.852,1,Truck,Standard,0.948,Wed,7.21,8.4
203.22,4.85,0.813,1,Bike,Standard,0.326,Wed,11.82,7.39
268.28,3.43,0.17,0,Van,Standard,0.821,Thu,3.98,6.49
97.68,4.43,0.168,0,Van,Express,0.701,Thu,3.4,2.68
494.36,1.76,0.446,0,Bike,Standard,0.579,Mon,7.38,13.66
410.06,3.38,0.877,0,Van,Standard,0.224,Mon,1.23,9.95
372.1,1.99,0.888,0,Truck,Express,0.284,Sat,3.83,10.17
237.04,3.06,0.152,0,Bike,Standard,0.261,Sun,5.63,6.67
80.67,2.13,0.596,0,Van,Express,0.628,Sat,7.57,2.78
460.73,5.44,0.198,0,Van,Standard,0.976,Sun,4.41,10.22
173.99,5.9,0.702,0,Bike,Standard,0.89,Thu,8.63,5.85
29.8,4.74,0.921,0,Bike,Standard,0.123,Sat,13.24,2.17
174.49,2.28,0.482,0,Bike,Express,0.346,Sun,8.38,5.25
398.26,1.34,0.129,0,Bike,Express,0.242,Sun,4.66,10.77
313.24,5.95,0.6,0,Van,Standard,0.978,Tue,1.4,8.27
376.67,3.84,0.438,0,Truck,Express,0.312,Tue,2.48,9.22
397.85,0.69,0.82,0,Van,Express,0.281,Wed,8.64,9.34
109.92,4.24,0.373,0,Truck,Standard,0.659,Thu,10.41,3.58
462.27,4.87,0.881,0,Van,Standard,0.601,Sun,1.22,11.2
221.8,0.95,0.31,0,Van,Standard,0.303,Wed,3.19,5.69
321.31,5.5,0.2,0,Van,Standard,0.703,Sat,5.13,7.54
6.14,1.1,0.341,0,Bike,Standard,0.187,Sun,5.14,0.5
496.72,2.09,0.083,0,Van,Express,0.117,Sun,14.4,10.26
144.04,1.11,0.317,0,Van,Standard,0.174,Tue,3.45,3.38
35.72,1.91,0.677,0,Van,Standard,0.428,Tue,1.41,2.13
231.84,1.35,0.185,0,Van,Standard,0.978,Tue,5.62,5.84
68.87,7.44,0.156,0,Bike,Standard,0.593,Sat,2.45,2.5
80.4,3.2,0.176,0,Truck,Standard,0.779,Fri,2.34,3.06
317.98,2.7,0.124,0,Bike,Express,0.389,Wed,6.41,8.8
199.5,7.9,0.881,0,Truck,Standard,0.747,Mon,4.94,6.34
461.32,7.64,0.947,0,Truck,Standard,0.97,Thu,1.83,13.05
162.98,2.87,0.094,0,Truck,Standard,0.422,Sat,9.26,4.38
364.46,4.68,0.772,0,Van,Standard,0.999,Thu,7.77,9.14
233.24,2.43,0.75,1,Bike,Standard,0.675,Tue,1.62,8.76
331.68,3.57,0.997,0,Van,Standard,0.774,Fri,13.01,8.63
301.85,1.57,0.38,0,Van,Standard,0.327,Fri,4.63,6.75
239.03,5.16,0.321,0,Van,Standard,0.679,Fri,14.44,5.23
475.28,8.1,0.48,0,Bike,Express,0.56,Sun,14.01,13.14
174.64,7.19,0.864,0,Bike,Standard,0.961,Wed,6.79,6.04
92.73,3.97,0.742,0,Van,Standard,0.914,Fri,3.81,3.34
340.66,0.62,0.498,1,Van,Standard,0.457,Sat,12.61,7.84
423.77,2.34,0.282,0,Van,Express,0.952,Tue,5.74,9.32
24.93,3.56,0.741,0,Truck,Standard,0.896,Tue,2.87,2.26
227.57,1.19,0.862,0,Van,Standard,0.631,Mon,8.5,6.14
446.78,1.0,0.43,0,Van,Standard,0.174,Wed,7.6,9.78
376.06,9.57,0.685,0,Bike,Standard,0.245,Mon,12.83,10.55
495.94,6.65,0.43,0,Van,Standard,0.169,Sat,11.07,10.73
268.05,5.43,0.505,0,Van,Standard,0.197,Mon,13.2,6.2
331.7,6.15,0.549,0,Bike,Standard,0.979,Fri,11.15,9.93
154.73,1.39,0.787,0,Bike,Standard,0.291,Fri,9.81,5.26
474.03,1.85,0.979,0,Van,Standard,0.722,Sun,7.75,11.8
186.34,4.48,0.472,0,Bike,Standard,0.673,Wed,14.82,5.64
370.56,4.73,0.375,0,Van,Standard,0.668,Wed,14.41,8.08
204.55,1.13,0.405,0,Bike,Standard,0.286,Tue,12.81,5.69
283.1,4.26,0.177,0,Bike,Express,0.621,Thu,11.74,7.78
361.29,3.61,0.332,1,Bike,Standard,0.663,Tue,8.87,10.58
256.92,7.04,0.132,0,Van,Standard,0.613,Mon,4.27,5.91
454.01,4.75,0.456,0,Van,Standard,0.268,Sun,13.19,10.0
212.55,10.27,0.209,0,Van,Standard,0.751,Fri,0.66,5.9
325.3,2.89,0.379,0,Bike,Express,0.166,Mon,3.8,8.85
174.47,1.47,0.804,1,Truck,Express,0.632,Fri,6.35,5.75
207.04,10.1,0.284,0,Van,Standard,0.493,Wed,9.0,4.78
222.82,4.92,0.631,0,Van,Standard,0.325,Tue,8.63,5.77
67.27,3.63,0.906,0,Van,Standard,0.827,Thu,3.05,3.39
50.4,1.91,0.589,0,Truck,Standard,0.258,Sat,2.02,2.27
335.41,2.91,0.234,0,Truck,Standard,0.94,Mon,3.72,9.23
329.48,2.79,0.378,0,Van,Express,0.896,Wed,5.56,7.63
333.14,1.42,0.611,0,Van,Express,0.425,Sun,0.7,7.78
14.78,0.43,0.531,1,Bike,Standard,0.375,Wed,10.54,1.89
166.64,2.74,0.191,0,Van,Standard,0.224,Mon,4.09,4.04
102.92,6.25,0.474,0,Van,Standard,0.925,Thu,5.6,2.97
390.18,8.55,0.566,0,Bike,Standard,0.665,Fri,5.36,11.54
431.01,7.23,0.304,0,Truck,Standard,0.129,Sun,7.92,10.6
127.11,7.5,0.632,0,Truck,Express,0.56,Fri,12.97,3.99
335.59,1.57,0.117,0,Bike,Express,0.177,Mon,2.67,9.09
69.03,4.54,0.37,0,Truck,Standard,0.616,Sat,5.44,2.2
141.2,5.46,0.814,0,Van,Standard,0.558,Sat,10.53,4.31
73.63,5.7,0.296,0,Van,Standard,0.175,Fri,1.14,2.19
145.34,3.57,0.625,1,Truck,Express,0.834,Sun,12.53,5.52
338.99,4.16,0.44,0,Van,Standard,0.336,Sat,14.45,7.68
455.61,7.09,0.351,1,Van,Standard,0.587,Tue,9.31,11.11
105.25,5.33,0.92,0,Van,Standard,0.675,Wed,14.37,3.76
273.33,6.01,0.376,0,Bike,Standard,0.966,Thu,6.49,8.31
352.19,2.65,0.275,0,Van,Standard,0.544,Thu,6.52,8.22
476.7,5.8,0.914,0,Van,Standard,0.926,Fri,2.04,12.3
306.98,4.12,0.759,0,Van,Standard,0.419,Fri,1.01,7.9
131.28,6.62,0.698,0,Bike,Express,0.872,Mon,4.05,4.82
314.61,2.19,0.097,0,Bike,Standard,0.312,Thu,7.43,8.72
163.64,6.27,0.175,0,Van,Standard,0.737,Mon,7.86,4.21
488.18,2.94,0.656,0,Bike,Standard,0.18,Thu,3.65,13.79
202.84,6.29,0.249,0,Van,Standard,0.987,Wed,9.39,5.57
344.29,4.56,0.264,0,Van,Standard,0.959,Tue,3.13,8.11
16.5,3.91,0.79,0,Van,Standard,0.498,Sun,5.23,1.89
203.03,3.06,0.322,0,Bike,Standard,0.572,Tue,3.34,6.14
438.18,3.64,0.118,0,Truck,Express,0.638,Mon,10.6,10.51
307.06,2.75,0.085,0,Van,Standard,0.348,Wed,7.99,6.74
224.75,3.02,0.471,0,Van,Standard,0.707,Sat,11.17,5.46
468.29,5.23,0.636,0,Van,Standard,0.729,Mon,1.33,11.24
427.72,0.82,0.875,0,Van,Standard,0.573,Thu,6.67,10.39
164.5,6.23,0.155,0,Van,Standard,0.233,Wed,14.52,3.47
274.55,6.3,0.237,0,Van,Express,0.927,Sun,1.28,6.89
247.46,3.13,0.553,0,Van,Express,0.204,Mon,6.57,5.89
317.94,4.24,0.396,0,Truck,Express,0.666,Mon,1.09,8.69
170.39,1.75,0.508,0,Van,Standard,0.193,Thu,2.63,4.35
125.88,5.0,0.928,0,Truck,Standard,0.231,Tue,7.21,4.36
456.77,1.94,0.568,0,Van,Express,0.118,Fri,2.78,10.22
462.32,0.2,0.444,0,Truck,Standard,0.427,Tue,8.02,11.59
422.44,8.34,0.99,0,Truck,Standard,0.676,Thu,13.88,11.76
489.21,1.58,0.112,0,Bike,Express,0.569,Mon,3.41,13.28
373.77,3.58,0.936,0,Bike,Standard,0.707,Fri,2.05,11.39
383.51,4.35,0.527,0,Van,Standard,0.708,Thu,12.47,8.94
382.48,5.22,0.529,0,Van,Express,0.226,Mon,7.17,8.43
242.9,3.82,0.926,0,Van,Standard,0.152,Tue,13.3,6.15
230.94,4.62,0.532,0,Van,Standard,0.663,Mon,4.94,5.98
123.91,3.08,0.466,0,Truck,Standard,0.688,Mon,9.6,4.08
324.19,0.98,0.309,0,Van,Express,0.601,Fri,13.89,6.94
148.21,3.71,0.676,0,Van,Standard,0.321,Wed,2.99,4.12
132.62,5.72,0.591,0,Bike,Express,0.83,Sat,12.11,4.28
295.05,1.67,0.254,0,Van,Standard,0.168,Tue,9.66,6.3
207.94,4.39,0.724,0,Bike,Standard,0.669,Sat,12.29,6.55
113.33,11.58,0.662,0,Van,Standard,0.208,Fri,2.98,3.44
408.95,3.54,0.427,0,Van,Standard,0.689,Fri,6.79,9.56
430.98,3.67,0.054,0,Van,Standard,0.476,Sat,2.37,9.64
88.01,0.9,0.474,1,Van,Standard,0.746,Fri,14.42,3.09
8.72,1.5,0.056,1,Van,Standard,0.147,Sat,1.41,1.79
171.38,1.95,0.121,0,Bike,Standard,0.6,Sat,1.45,5.4
399.77,5.57,0.459,0,Bike,Standard,0.23,Thu,13.52,10.87
420.39,1.77,0.128,0,Truck,Express,0.714,Sat,4.86,10.75
73.47,0.61,0.312,0,Truck,Standard,0.208,Sat,9.16,2.19
388.3,4.93,0.673,0,Van,Standard,0.166,Sat,4.67,9.02
62.27,2.1,0.343,0,Bike,Standard,0.742,Fri,9.91,2.49
198.08,0.93,0.998,0,Van,Standard,0.157,Mon,3.29,5.61
499.31,6.03,0.92,0,Van,Standard,0.302,Thu,7.15,11.92
100.33,2.82,0.606,0,Van,Standard,0.842,Mon,8.24,3.34
81.21,5.25,0.969,0,Bike,Standard,0.829,Mon,5.34,3.99
214.29,0.9,0.875,0,Van,Standard,0.869,Wed,4.15,5.83
311.74,0.37,0.353,0,Bike,Express,0.393,Thu,2.53,8.81
466.79,4.1,0.762,0,Van,Standard,0.575,Thu,10.74,10.87
490.51,1.45,0.18,1,Bike,Standard,0.796,Sun,2.94,14.81
39.47,4.06,0.7,0,Van,Standard,0.223,Sat,4.74,1.93
73.31,4.12,0.517,0,Van,Standard,0.752,Wed,5.39,2.59
396.42,3.76,0.066,0,Bike,Standard,0.188,Wed,7.09,10.91
138.96,7.46,0.311,1,Van,Standard,0.922,Fri,10.69,5.06
443.0,17.91,0.958,1,Van,Standard,0.674,Tue,6.71,11.96
333.41,4.87,0.35,0,Van,Standard,0.544,Sun,13.13,7.53
60.36,11.57,0.222,0,Truck,Standard,0.536,Sat,10.36,2.41
417.1,2.88,0.228,0,Bike,Standard,0.263,Fri,12.66,11.14
92.3,1.22,0.505,0,Truck,Express,0.411,Tue,10.89,2.63
214.63,2.22,0.851,1,Van,Express,0.754,Fri,2.66,6.76
278.33,3.01,0.77,0,Van,Express,0.587,Sat,14.68,6.85
252.88,12.19,0.465,0,Van,Standard,0.576,Mon,11.91,6.06
344.65,3.91,0.248,0,Van,Standard,0.276,Tue,8.8,7.53
328.08,7.64,0.094,0,Bike,Standard,0.721,Thu,2.9,9.38
496.06,2.7,0.489,0,Truck,Express,0.453,Wed,3.0,12.54
499.71,2.45,0.824,0,Van,Express,0.264,Fri,9.41,11.1
260.65,0.87,0.743,0,Van,Express,0.949,Wed,6.53,6.33
52.12,11.94,0.438,0,Van,Standard,0.556,Sun,10.3,2.06
365.28,9.32,0.615,1,Bike,Standard,0.575,Wed,5.9,11.73
488.45,4.42,0.464,0,Bike,Express,0.983,Wed,7.94,13.97
162.57,3.14,0.6,1,Van,Standard,0.43,Mon,3.23,5.96
233.3,4.02,0.542,0,Van,Standard,0.949,Tue,2.75,6.19
215.26,1.17,0.697,0,Van,Standard,0.725,Tue,1.6,6.12
30.45,5.24,0.532,0,Van,Standard,0.67,Sat,12.38,1.56
337.77,8.83,0.944,0,Van,Standard,0.311,Wed,8.55,8.8
179.9,9.12,0.457,0,Truck,Standard,0.147,Tue,14.23,4.68
394.79,0.9,0.065,0,Bike,Express,0.494,Wed,11.37,10.12
416.9,7.6,0.275,0,Van,Express,0.109,Thu,11.65,8.79
411.51,1.18,0.526,0,Van,Express,0.164,Sat,7.88,9.3
211.25,0.41,0.564,0,Bike,Standard,0.636,Sun,12.32,6.53
164.17,7.79,0.575,1,Bike,Standard,0.752,Mon,14.16,6.64
375.67,2.53,0.729,1,Bike,Standard,0.251,Sat,10.97,11.97
401.69,7.08,0.311,1,Bike,Express,0.759,Wed,2.03,12.76
248.17,6.67,0.682,0,Van,Standard,0.955,Sat,9.94,6.57
447.05,6.12,0.719,1,Bike,Express,0.769,Mon,2.25,14.55
76.23,3.98,0.441,0,Van,Standard,0.806,Fri,1.62,2.66
440.14,1.3,0.432,1,Bike,Standard,0.731,Sun,10.55,13.59
52.57,3.01,0.22,0,Bike,Express,0.302,Mon,12.6,1.64
81.0,9.22,0.443,0,Van,Standard,0.425,Sat,2.8,2.51
269.25,7.2,0.797,1,Bike,Express,0.954,Mon,1.58,9.31
38.42,3.14,0.914,0,Truck,Standard,0.695,Sun,13.35,2.58
31.14,3.11,0.614,0,Van,Standard,0.81,Sat,2.42,2.03
5.26,5.75,0.334,0,Bike,Standard,0.972,Sun,1.01,1.41
220.98,4.19,0.698,0,Bike,Express,0.308,Sun,10.96,6.24
388.44,3.26,0.753,0,Van,Standard,0.39,Wed,12.79,9.22
22.24,5.43,0.366,1,Van,Express,0.68,Wed,7.96,1.67
327.87,5.31,0.835,1,Van,Express,0.122,Fri,8.33,8.78
412.45,2.27,0.12,1,Van,Standard,0.614,Tue,5.38,9.71
88.16,4.8,0.06,0,Van,Express,0.828,Wed,3.96,2.39
77.7,5.09,0.167,0,Van,Express,0.649,Mon,11.45,1.9
431.1,3.77,0.198,0,Truck,Standard,0.366,Sun,12.81,10.57
412.45,2.08,0.885,0,Van,Express,0.752,Tue,5.16,9.97
271.78,2.94,0.454,0,Bike,Standard,0.231,Wed,4.47,8.24
410.5,1.74,0.311,0,Van,Standard,0.905,Thu,4.38,9.72
50.91,4.89,0.458,1,Truck,Standard,0.191,Wed,1.23,2.5
200.27,0.91,0.425,0,Van,Express,0.877,Sat,4.58,5.42
370.21,9.83,0.336,0,Truck,Standard,0.548,Sun,0.87,9.72
132.44,8.56,0.181,0,Truck,Standard,0.486,Fri,11.93,3.68
377.4,5.17,0.673,0,Bike,Standard,0.551,Sat,4.21,11.33
254.57,6.93,0.18,0,Van,Standard,0.28,Mon,10.51,5.33
376.38,6.62,0.787,0,Van,Express,0.512,Sun,8.38,8.91
235.02,4.24,0.242,0,Van,Express,0.865,Mon,12.64,5.34
187.11,3.33,0.745,0,Van,Standard,0.821,Mon,14.43,5.19
113.5,3.05,0.815,0,Truck,Standard,0.247,Mon,5.83,3.95
108.15,10.06,0.169,0,Van,Express,0.706,Tue,1.78,2.98
376.99,2.02,0.132,0,Van,Standard,0.871,Sat,11.37,8.5
63.86,2.05,0.952,0,Bike,Standard,0.838,Wed,0.81,3.83
47.56,7.33,0.49,0,Van,Express,0.483,Sat,3.73,1.84
92.26,6.88,0.649,0,Truck,Express,0.143,Wed,1.27,3.02
91.8,3.18,0.072,0,Van,Standard,0.938,Mon,13.52,2.59
412.44,5.56,0.315,1,Bike,Standard,0.456,Thu,0.58,12.65
202.26,6.06,0.53,0,Truck,Express,0.425,Tue,7.64,5.53
495.24,1.25,0.892,0,Truck,Standard,0.784,Wed,6.65,13.34
72.92,8.92,0.308,0,Van,Standard,0.338,Thu,9.96,1.75
328.5,6.06,0.786,0,Bike,Express,0.851,Sat,4.7,9.82
227.12,5.24,0.679,0,Van,Standard,0.168,Fri,13.17,5.41
199.49,6.09,0.16,1,Bike,Standard,0.767,Tue,11.15,6.76
438.17,4.82,0.329,0,Van,Standard,0.969,Sat,6.77,10.08
487.92,3.61,0.276,0,Van,Standard,0.996,Fri,5.69,11.26
437.07,4.27,0.47,0,Truck,Standard,0.931,Tue,12.33,11.33
100.19,1.14,0.654,0,Van,Standard,0.884,Sat,11.48,3.12
114.29,12.63,0.462,1,Truck,Standard,0.351,Sat,6.29,4.39
329.76,3.57,0.282,0,Truck,Express,0.97,Fri,5.45,8.92
148.1,12.5,0.711,0,Bike,Standard,0.935,Wed,1.06,5.45
368.69,4.32,0.605,0,Bike,Standard,0.581,Wed,1.68,10.96
